deployment,year,Lure
ABMI-1022-NE,2015,y
ABMI-1022-NW,2015,n
ABMI-1022-SE,2015,n
ABMI-1022-SW,2015,y
ABMI-1023-NE,2015,y
ABMI-1023-NW,2015,n
ABMI-1023-SE,2015,n
ABMI-1023-SW,2015,n
ABMI-1024-NE,2015,y
ABMI-1024-NW,2015,n
ABMI-1024-SW,2015,y
ABMI-1025-NE,2017,y
ABMI-1025-NW,2017,y
ABMI-1025-SE,2017,n
ABMI-1025-SW,2017,n
ABMI-1026-NE,2017,y
ABMI-1026-NW,2017,n
ABMI-1026-SE,2017,n
ABMI-1026-SW,2017,y
ABMI-1027-NE,2017,y
ABMI-1027-NW,2017,n
ABMI-1027-NW-b,2017,n
ABMI-1027-SE,2017,n
ABMI-1027-SW,2017,y
ABMI-1028-NE,2018,y
ABMI-1028-NW,2018,n
ABMI-1028-SE,2018,n
ABMI-1028-SW,2018,y
ABMI-1056-NE,2015,y
ABMI-1056-NW,2015,n
ABMI-1056-SE,2015,n
ABMI-1056-SW,2015,y
ABMI-1057-NE,2015,y
ABMI-1057-NW,2015,n
ABMI-1057-SE,2015,n
ABMI-1057-SW,2015,y
ABMI-1058-NE,2015,n
ABMI-1058-NW,2015,y
ABMI-1058-SE,2015,y
ABMI-1058-SW,2015,n
ABMI-1059-NE,2017,y
ABMI-1059-NW,2017,n
ABMI-1059-SE,2017,n
ABMI-1059-SW,2017,y
ABMI-1060-NE,2017,y
ABMI-1060-NW,2017,n
ABMI-1060-SE,2017,n
ABMI-1060-SW,2017,y
ABMI-1061-NE,2017,y
ABMI-1061-NW,2017,n
ABMI-1061-SE,2017,n
ABMI-1061-SW,2017,y
ABMI-1062-NE,2018,y
ABMI-1062-NW,2018,n
ABMI-1062-SE,2018,n
ABMI-1062-SW,2018,y
ABMI-1086-NE,2017,y
ABMI-1086-NW,2017,n
ABMI-1086-SE,2017,n
ABMI-1086-SW,2017,y
ABMI-1088-NE,2017,y
ABMI-1088-NW,2017,n
ABMI-1088-SE,2017,n
ABMI-1088-SW,2017,y
ABMI-1119-NE,2017,y
ABMI-1119-NW,2017,n
ABMI-1119-SE,2017,n
ABMI-1119-SW,2017,y
ABMI-1120-NE,2017,y
ABMI-1120-NW,2017,n
ABMI-1120-SE,2017,n
ABMI-1120-SW,2017,y
ABMI-1121-NE,2017,y
ABMI-1121-NW,2017,n
ABMI-1121-SE,2017,n
ABMI-1121-SW,2017,y
ABMI-1150-NE,2015,y
ABMI-1150-NW,2015,y
ABMI-1150-SE,2015,n
ABMI-1150-SW,2015,n
ABMI-1151-NE,2017,n
ABMI-1151-NW,2017,y
ABMI-1151-SE,2017,n
ABMI-1151-SW,2017,NA
ABMI-1152-NE,2017,n
ABMI-1152-NW,2017,n
ABMI-1152-SE,2017,y
ABMI-1152-SW,2017,y
ABMI-1153-NE,2017,y
ABMI-1153-NW,2017,n
ABMI-1153-SE,2017,n
ABMI-1153-SW,2017,y
ABMI-1166-NE,2018,y
ABMI-1166-NW,2018,n
ABMI-1166-SE,2018,n
ABMI-1166-SW,2018,y
ABMI-1167-NE,2018,y
ABMI-1167-NW,2018,n
ABMI-1167-SE,2018,n
ABMI-1167-SW,2018,y
ABMI-1178-NE,2017,y
ABMI-1178-NW,2017,n
ABMI-1178-SE,2017,n
ABMI-1178-SW,2017,y
ABMI-1179-NE,2017,n
ABMI-1179-NW,2017,n
ABMI-1179-SE,2017,y
ABMI-1179-SW,2017,y
ABMI-1180-NE,2017,y
ABMI-1180-NW,2017,n
ABMI-1180-SE,2017,NA
ABMI-1180-SW,2017,y
ABMI-1181-NE,2018,y
ABMI-1181-NW,2018,n
ABMI-1181-SE,2018,n
ABMI-1181-SW,2018,y
ABMI-1182-NE,2018,y
ABMI-1182-NW,2018,n
ABMI-1182-SE,2018,n
ABMI-1182-SW,2018,y
ABMI-1183-NE,2018,y
ABMI-1183-NW,2018,n
ABMI-1183-SE,2018,n
ABMI-1183-SW,2018,y
ABMI-1190-NE,2015,y
ABMI-1190-NW,2015,n
ABMI-1190-SE,2015,n
ABMI-1190-SW,2015,y
ABMI-1191-NW,2015,n
ABMI-1191-SE,2015,n
ABMI-1191-SW,2015,y
ABMI-1192B-NE,2015,y
ABMI-1192B-NW,2015,n
ABMI-1192B-SE,2015,n
ABMI-1192B-SW,2015,y
ABMI-1193-NE,2017,y
ABMI-1193-NW,2017,n
ABMI-1193-SE,2017,n
ABMI-1193-SW,2017,y
ABMI-1194-NE,2017,y
ABMI-1194-NW,2017,n
ABMI-1194-SE,2017,n
ABMI-1194-SW,2017,y
ABMI-1198-NE,2018,y
ABMI-1198-NW,2018,n
ABMI-1198-SE,2018,n
ABMI-1198-SW,2018,NA
ABMI-1199-NE,2018,y
ABMI-1199-NW,2018,n
ABMI-1199-SE,2018,n
ABMI-1199-SW,2018,y
ABMI-1200-NE,2018,y
ABMI-1200-NW,2018,n
ABMI-1200-SE,2018,n
ABMI-1200-SW,2018,y
ABMI-120-NE,2016,NA
ABMI-120-NW,2016,NA
ABMI-120-SE,2016,NA
ABMI-120-SW,2016,NA
ABMI-1210-NE,2017,y
ABMI-1210-NW,2017,n
ABMI-1210-SE,2017,n
ABMI-1210-SW,2017,y
ABMI-1211-NE,2017,y
ABMI-1211-NW,2017,n
ABMI-1211-SE,2017,n
ABMI-1211-SW,2017,y
ABMI-1212-NE,2017,y
ABMI-1212-NW,2017,n
ABMI-1212-SE,2017,n
ABMI-1212-SW,2017,y
ABMI-1213-NE,2018,y
ABMI-1213-NW,2018,n
ABMI-1213-SE,2018,n
ABMI-1213-SW,2018,y
ABMI-1214-NE,2018,y
ABMI-1214-NW,2018,n
ABMI-1214-SE,2018,n
ABMI-1214-SW,2018,y
ABMI-1215-NE,2018,y
ABMI-1215-NW,2018,n
ABMI-1215-SE,2018,n
ABMI-1215-SW,2018,n
ABMI-121-NE,2016,y
ABMI-121-NW,2016,n
ABMI-121-SE,2016,n
ABMI-121-SW,2016,y
ABMI-1222-NE,2015,y
ABMI-1222-NW,2015,n
ABMI-1222-SE,2015,n
ABMI-1222-SW,2015,y
ABMI-1223-NE,2015,y
ABMI-1223-NW,2015,n
ABMI-1223-SE,2015,n
ABMI-1223-SW,2015,y
ABMI-1224-NE,2015,y
ABMI-1224-NW,2015,n
ABMI-1224-SE,2015,n
ABMI-1224-SW,2015,y
ABMI-1225-NE,2017,y
ABMI-1225-NW,2017,n
ABMI-1225-SE,2017,n
ABMI-1225-SW,2017,y
ABMI-1226-NE,2017,y
ABMI-1226-NW,2017,n
ABMI-1226-SE,2017,n
ABMI-1226-SW,2017,y
ABMI-1228-NE,2018,y
ABMI-1228-NW,2018,n
ABMI-1228-SE,2018,n
ABMI-1228-SW,2018,y
ABMI-1229-NE,2018,n
ABMI-1229-NW,2018,n
ABMI-1229-SE,2018,n
ABMI-1229-SW,2018,y
ABMI-122-NE,2016,y
ABMI-122-NW,2016,n
ABMI-122-SE,2016,n
ABMI-122-SW,2016,y
ABMI-1230-NE,2018,y
ABMI-1230-NW,2018,n
ABMI-1230-SE,2018,y
ABMI-1230-SW,2018,y
ABMI-1240-NE,2017,y
ABMI-1240-NW,2017,n
ABMI-1240-SE,2017,n
ABMI-1240-SW,2017,y
ABMI-1241-NE,2017,y
ABMI-1241-NW,2017,n
ABMI-1241-SE,2017,n
ABMI-1241-SW,2017,y
ABMI-1242-NE,2017,y
ABMI-1242-NW,2017,n
ABMI-1242-SE,2017,n
ABMI-1242-SE-b,2017,n
ABMI-1242-SW,2017,y
ABMI-1243-NE,2018,y
ABMI-1243-NW,2018,n
ABMI-1243-SE,2018,n
ABMI-1243-SW,2018,y
ABMI-1244-NE,2018,y
ABMI-1244-NW,2018,n
ABMI-1244-SE,2018,n
ABMI-1244-SW,2018,y
ABMI-1245-NE,2018,y
ABMI-1245-NW,2018,n
ABMI-1245-SE,2018,n
ABMI-1245-SW,2018,y
ABMI-1252-NE,2015,y
ABMI-1252-NW,2015,n
ABMI-1252-SE,2015,n
ABMI-1252-SW,2015,y
ABMI-1253-NE,2015,y
ABMI-1253-NW,2015,n
ABMI-1253-SE,2015,n
ABMI-1253-SW,2015,y
ABMI-1254-NE,2015,y
ABMI-1254-NW,2015,n
ABMI-1254-SW,2015,y
ABMI-1255-NE,2017,y
ABMI-1255-NW,2017,n
ABMI-1255-SE,2017,n
ABMI-1255-SW,2017,y
ABMI-1256-NE,2017,y
ABMI-1256-NW,2017,n
ABMI-1256-SE,2017,n
ABMI-1256-SW,2017,y
ABMI-1263-NE,2017,y
ABMI-1263-NW,2017,n
ABMI-1263-SE,2017,n
ABMI-1263-SW,2017,y
ABMI-1264-NE,2017,y
ABMI-1264-NW,2017,n
ABMI-1264-SE,2017,n
ABMI-1264-SW,2017,y
ABMI-1265-NE,2017,y
ABMI-1265-NW,2017,n
ABMI-1265-SE,2017,n
ABMI-1265-SW,2017,y
ABMI-1266-NE,2018,y
ABMI-1266-NW,2018,n
ABMI-1266-SE,2018,n
ABMI-1266-SW,2018,y
ABMI-1267-NE,2018,y
ABMI-1267-NW,2018,n
ABMI-1267-SE,2018,n
ABMI-1267-SW,2018,y
ABMI-1268-NE,2018,y
ABMI-1268-NW,2018,n
ABMI-1268-SE,2018,n
ABMI-1268-SW,2018,y
ABMI-1275-NE,2015,y
ABMI-1275-NW,2015,n
ABMI-1275-SE,2015,n
ABMI-1275-SW,2015,y
ABMI-1276-NE,2015,y
ABMI-1276-NW,2015,n
ABMI-1276-NW-b,2015,n
ABMI-1276-SE,2015,y
ABMI-1276-SW,2015,n
ABMI-1277-NE,2015,n
ABMI-1277-NW,2015,n
ABMI-1277-SE,2015,y
ABMI-1277-SW,2015,y
ABMI-1278-NE,2017,y
ABMI-1278-NW,2017,n
ABMI-1278-SE,2017,n
ABMI-1278-SW,2017,y
ABMI-1279-NE,2017,y
ABMI-1279-NW,2017,n
ABMI-1279-SE,2017,n
ABMI-1279-SW,2017,y
ABMI-1280-NE,2017,y
ABMI-1280-NW,2017,n
ABMI-1280-SE,2017,n
ABMI-1280-SW,2017,y
ABMI-1281-NE,2018,y
ABMI-1281-SW,2018,n
ABMI-1282-NE,2018,y
ABMI-1282-SW,2018,n
ABMI-1283-NE,2018,y
ABMI-1283-SW,2018,n
ABMI-1284-NE,2016,y
ABMI-1284-NW,2016,n
ABMI-1284-SE,2016,n
ABMI-1284-SW,2016,y
ABMI-1285-NE,2016,y
ABMI-1285-NW,2016,n
ABMI-1285-SE,2016,n
ABMI-1285-SW,2016,y
ABMI-1291-NE,2017,NA
ABMI-1291-NW,2017,n
ABMI-1291-SE,2017,NA
ABMI-1291-SW,2017,NA
ABMI-1292-NE,2017,y
ABMI-1292-NW,2017,n
ABMI-1292-SE,2017,n
ABMI-1292-SW,2017,y
ABMI-1293-NE,2017,y
ABMI-1293-NW,2017,n
ABMI-1293-SE,2017,n
ABMI-1293-SW,2017,y
ABMI-1294-NE,2018,y
ABMI-1294-NW,2018,n
ABMI-1294-SE,2018,n
ABMI-1294-SW,2018,y
ABMI-1295-NE,2018,y
ABMI-1295-NW,2018,n
ABMI-1295-SE,2018,n
ABMI-1295-SW,2018,y
ABMI-1296-NE,2018,y
ABMI-1296-NW,2018,n
ABMI-1296-SE,2018,n
ABMI-1296-SW,2018,y
ABMI-1303-NE,2015,n
ABMI-1303-NW,2015,n
ABMI-1303-SE,2015,n
ABMI-1303-SW,2015,n
ABMI-1304-NE,2015,y
ABMI-1304-NW,2015,n
ABMI-1304-SE,2015,n
ABMI-1304-SW,2015,y
ABMI-1305-NE,2015,y
ABMI-1305-NE-b,2015,y
ABMI-1305-NW,2015,y
ABMI-1305-SE,2015,n
ABMI-1305-SW,2015,n
ABMI-1306-NE,2017,n
ABMI-1306-NW,2017,n
ABMI-1306-SE,2017,y
ABMI-1306-SW,2017,y
ABMI-1307-NE,2017,y
ABMI-1307-NW,2017,n
ABMI-1307-SE,2017,n
ABMI-1307-SW,2017,y
ABMI-1308-NE,2017,y
ABMI-1308-NW,2017,n
ABMI-1308-SE,2017,n
ABMI-1308-SW,2017,y
ABMI-1309-NE,2018,y
ABMI-1309-SW,2018,n
ABMI-1310-NE,2018,y
ABMI-1310-SW,2018,n
ABMI-1311-NE,2018,y
ABMI-1311-SW,2018,n
ABMI-1312-NE,2016,y
ABMI-1312-NW,2016,n
ABMI-1312-SE,2016,n
ABMI-1312-SW,2016,y
ABMI-1313-NE,2016,y
ABMI-1313-NW,2016,n
ABMI-1313-SE,2016,y
ABMI-1313-SW,2016,n
ABMI-1314-NE,2016,y
ABMI-1314-NW,2016,n
ABMI-1314-SE,2016,n
ABMI-1314-SW,2016,y
ABMI-1320-NE,2018,y
ABMI-1320-NW,2018,n
ABMI-1320-SE,2018,n
ABMI-1320-SW,2018,NA
ABMI-1321-NE,2017,y
ABMI-1321-NW,2017,n
ABMI-1321-SE,2017,n
ABMI-1321-SW,2017,y
ABMI-1322-NE,2017,y
ABMI-1322-NW,2017,n
ABMI-1322-SE,2017,n
ABMI-1322-SW,2017,y
ABMI-1323-NE,2018,y
ABMI-1323-NW,2018,n
ABMI-1323-SE,2018,n
ABMI-1323-SW,2018,y
ABMI-1324-NE,2018,y
ABMI-1324-NW,2018,n
ABMI-1324-SE,2018,n
ABMI-1324-SW,2018,y
ABMI-1325-NE,2018,y
ABMI-1325-NW,2018,n
ABMI-1325-SE,2018,n
ABMI-1325-SW,2018,y
ABMI-1332-NE,2015,y
ABMI-1332-NW,2015,n
ABMI-1332-SE,2015,n
ABMI-1332-SW,2015,y
ABMI-1333-NE,2015,n
ABMI-1333-NW,2015,n
ABMI-1333-SE,2015,y
ABMI-1333-SW,2015,y
ABMI-1334-NE,2015,y
ABMI-1334-NW,2015,n
ABMI-1334-SE,2015,n
ABMI-1334-SW,2015,y
ABMI-1335-NE,2017,y
ABMI-1335-NW,2017,n
ABMI-1335-SE,2017,y
ABMI-1335-SW,2017,y
ABMI-1336-NE,2017,y
ABMI-1336-NW,2017,n
ABMI-1336-SE,2017,n
ABMI-1336-SW,2017,y
ABMI-1337-NE,2017,y
ABMI-1337-NW,2017,n
ABMI-1337-SE,2017,n
ABMI-1337-SW,2017,y
ABMI-1338-NE,2018,y
ABMI-1338-SW,2018,n
ABMI-1339-NE,2018,y
ABMI-1339-SW,2018,n
ABMI-1340-NE,2018,y
ABMI-1340-SW,2018,n
ABMI-1341-NE,2016,y
ABMI-1341-NW,2016,n
ABMI-1341-SE,2016,n
ABMI-1341-SW,2016,y
ABMI-1342-NE,2016,n
ABMI-1342-NW,2016,n
ABMI-1342-SE,2016,y
ABMI-1342-SW,2016,y
ABMI-1343-NE,2016,y
ABMI-1343-NW,2016,n
ABMI-1343-SE,2016,n
ABMI-1343-SW,2016,y
ABMI-1346-NE,2018,y
ABMI-1346-NW,2018,n
ABMI-1346-SE,2018,n
ABMI-1346-SW,2018,y
ABMI-1356-NE,2017,y
ABMI-1356-NW,2017,n
ABMI-1356-SE,2017,n
ABMI-1356-SW,2017,y
ABMI-1357-NE,2017,y
ABMI-1357-NW,2017,n
ABMI-1357-SE,2017,n
ABMI-1357-SW,2017,y
ABMI-1358-NE,2017,y
ABMI-1358-NW,2017,n
ABMI-1358-SE,2017,n
ABMI-1358-SW,2017,y
ABMI-1360-NE,2018,y
ABMI-1360-SW,2018,n
ABMI-1361-NE,2018,y
ABMI-1361-SW,2018,n
ABMI-1362-NE,2016,y
ABMI-1362-NW,2016,n
ABMI-1362-SE,2016,n
ABMI-1362-SW,2016,y
ABMI-1363-NE,2016,y
ABMI-1363-NW,2016,n
ABMI-1363-SE,2016,n
ABMI-1363-SW,2016,y
ABMI-1364-NE,2016,y
ABMI-1364-NW,2016,n
ABMI-1364-SE,2016,n
ABMI-1364-SW,2016,y
ABMI-1368-NE,2015,y
ABMI-1368-NW,2015,n
ABMI-1368-SE,2015,n
ABMI-1368-SW,2015,y
ABMI-1369-NE,2015,y
ABMI-1369-NW,2015,n
ABMI-1369-SE,2015,n
ABMI-1369-SW,2015,y
ABMI-1381-NE,2017,y
ABMI-1381-NW,2017,n
ABMI-1381-SE,2017,n
ABMI-1381-SW,2017,y
ABMI-1382-NE,2017,n
ABMI-1382-NW,2017,n
ABMI-1382-SE,2017,n
ABMI-1382-SW,2017,n
ABMI-1383-NE,2017,y
ABMI-1383-NW,2017,n
ABMI-1383-SE,2017,n
ABMI-1383-SW,2017,y
ABMI-1384-NE,2018,y
ABMI-1384-SW,2018,n
ABMI-1385-NE,2018,y
ABMI-1385-SW,2018,n
ABMI-1387-NE,2016,y
ABMI-1387-NW,2016,n
ABMI-1387-SE,2016,n
ABMI-1387-SW,2016,y
ABMI-1388B-NE,2016,y
ABMI-1388B-NW,2016,n
ABMI-1388B-SE,2016,n
ABMI-1388B-SW,2016,y
ABMI-1389-NE,2016,y
ABMI-1389-NW,2016,n
ABMI-1389-SE,2016,n
ABMI-1389-SW,2016,y
ABMI-1393-NE,2015,y
ABMI-1393-NW,2015,n
ABMI-1393-SE,2015,n
ABMI-1394-NE,2015,y
ABMI-1394-NW,2015,n
ABMI-1394-SE,2015,n
ABMI-1394-SW,2015,y
ABMI-1395-NE,2015,y
ABMI-1395-NW,2015,n
ABMI-1395-SE,2015,n
ABMI-1395-SW,2015,y
ABMI-13-NE,2015,y
ABMI-13-NW,2015,n
ABMI-13-SE,2015,n
ABMI-13-SW,2015,y
ABMI-1405B-NE,2017,n
ABMI-1405B-NW,2017,n
ABMI-1405B-SE,2017,n
ABMI-1405B-SW,2017,y
ABMI-1405-NE,2017,n
ABMI-1405-NW,2017,n
ABMI-1405-SE,2017,n
ABMI-1405-SW,2017,y
ABMI-1406-NE,2017,NA
ABMI-1406-NW,2017,n
ABMI-1406-SE,2017,NA
ABMI-1406-SW,2017,y
ABMI-1407-NE,2017,n
ABMI-1407-NW,2017,n
ABMI-1407-SE,2017,n
ABMI-1407-SW,2017,n
ABMI-1408-NE,2018,y
ABMI-1408-SW,2018,n
ABMI-1409-NE,2018,y
ABMI-1409-SW,2018,n
ABMI-1410-NE,2018,y
ABMI-1410-SW,2018,n
ABMI-1411-NE,2016,y
ABMI-1411-NE-b,2016,y
ABMI-1411-NW,2016,n
ABMI-1411-NW-b,2016,n
ABMI-1411-SE,2016,n
ABMI-1411-SE-b,2016,n
ABMI-1411-SW,2016,y
ABMI-1411-SW-b,2016,y
ABMI-1412-NE,2016,y
ABMI-1412-NW,2016,n
ABMI-1412-SE,2016,n
ABMI-1412-SW,2016,y
ABMI-1413-NE,2016,y
ABMI-1413-NW,2016,n
ABMI-1413-SE,2016,n
ABMI-1413-SW,2016,y
ABMI-1417-NE,2015,y
ABMI-1417-NW,2015,n
ABMI-1417-SE,2015,n
ABMI-1417-SW,2015,y
ABMI-1418-NE,2015,y
ABMI-1418-NW,2015,n
ABMI-1418-SE,2015,n
ABMI-1418-SW,2015,y
ABMI-1419-NE,2015,y
ABMI-1419-NE-b,2015,y
ABMI-1419-NW,2015,n
ABMI-1419-NW-b,2015,n
ABMI-1419-SE,2015,n
ABMI-1419-SW,2015,y
ABMI-1420-NE,2017,y
ABMI-1420-NW,2017,n
ABMI-1420-SE,2017,n
ABMI-1420-SW,2017,y
ABMI-1422-NE,2018,NA
ABMI-1422-NW,2018,n
ABMI-1422-SE,2018,n
ABMI-1422-SW,2018,y
ABMI-1423-NE,2018,y
ABMI-1423-NW,2018,NA
ABMI-1423-SE,2018,n
ABMI-1423-SW,2018,y
ABMI-1424-NE,2017,y
ABMI-1424-NW,2017,n
ABMI-1424-SE,2017,n
ABMI-1424-SW,2017,y
ABMI-1425-NE,2017,y
ABMI-1425-NW,2017,n
ABMI-1425-SE,2017,n
ABMI-1425-SW,2017,y
ABMI-1426-NE,2017,y
ABMI-1426-NW,2017,n
ABMI-1426-SE,2017,n
ABMI-1426-SW,2017,y
ABMI-1427-NE,2017,y
ABMI-1427-NW,2017,n
ABMI-1427-SE,2017,n
ABMI-1427-SW,2017,y
ABMI-1428-NE,2016,n
ABMI-1428-NW,2016,n
ABMI-1428-SE,2016,y
ABMI-1428-SW,2016,y
ABMI-1429-NE,2016,y
ABMI-1429-NW,2016,n
ABMI-1429-SE,2016,n
ABMI-1429-SW,2016,y
ABMI-1430-NE,2016,y
ABMI-1430-NW,2016,n
ABMI-1430-SE,2016,y
ABMI-1430-SW,2016,n
ABMI-1431-NE,2018,y
ABMI-1431-SW,2018,n
ABMI-1432-NE,2018,y
ABMI-1432-SW,2018,n
ABMI-1433-NE,2018,y
ABMI-1433-SW,2018,n
ABMI-1434-NE,2015,y
ABMI-1434-NW,2015,n
ABMI-1434-SE,2015,n
ABMI-1434-SW,2015,y
ABMI-1435-NE,2015,y
ABMI-1435-NW,2015,n
ABMI-1435-SE,2015,n
ABMI-1435-SW,2015,y
ABMI-1436-NE,2015,y
ABMI-1436-NW,2015,n
ABMI-1436-SE,2015,n
ABMI-1436-SW,2015,y
ABMI-1437-NE,2017,y
ABMI-1437-NW,2017,n
ABMI-1437-SE,2017,n
ABMI-1437-SW,2017,y
ABMI-1438-NE,2017,y
ABMI-1438-NW,2017,n
ABMI-1438-SE,2017,n
ABMI-1438-SW,2017,y
ABMI-1439-NE,2017,y
ABMI-1439-NW,2017,n
ABMI-1439-SE,2017,NA
ABMI-1439-SW,2017,NA
ABMI-1440-NE,2018,y
ABMI-1440-SW,2018,n
ABMI-1441-NE,2018,y
ABMI-1441-SW,2018,n
ABMI-1442-NE,2018,y
ABMI-1442-SW,2018,n
ABMI-1443-NE,2016,y
ABMI-1443-NW,2016,n
ABMI-1443-SE,2016,n
ABMI-1443-SW,2016,y
ABMI-1444-NE,2018,y
ABMI-1444-NW,2018,n
ABMI-1444-SE,2018,n
ABMI-1444-SW,2018,y
ABMI-1445-NE,2018,y
ABMI-1445-NW,2018,n
ABMI-1445-SE,2018,NA
ABMI-1445-SW,2018,y
ABMI-1446-NE,2018,y
ABMI-1446-NW,2018,n
ABMI-1446-SE,2018,n
ABMI-1446-SW,2018,y
ABMI-1447-NE,2017,y
ABMI-1447-NW,2017,n
ABMI-1447-SE,2017,n
ABMI-1447-SW,2017,NA
ABMI-1448-NE,2017,y
ABMI-1448-NW,2017,n
ABMI-1448-SE,2017,n
ABMI-1448-SW,2017,y
ABMI-1449-NE,2018,y
ABMI-1449-NW,2018,n
ABMI-1449-SE,2018,y
ABMI-1449-SW,2018,NA
ABMI-1450-NE,2016,y
ABMI-1450-NW,2016,n
ABMI-1450-SE,2016,n
ABMI-1450-SW,2016,y
ABMI-1451-NE,2016,y
ABMI-1451-NW,2016,y
ABMI-1451-SE,2016,n
ABMI-1451-SW,2016,n
ABMI-1452B-NE,2016,y
ABMI-1452B-NW,2016,y
ABMI-1452B-SE,2016,n
ABMI-1452B-SW,2016,n
ABMI-1453-NE,2018,y
ABMI-1453-SW,2018,n
ABMI-1454-NE,2018,y
ABMI-1454-SW,2018,n
ABMI-1456-NE,2015,y
ABMI-1457-NE,2015,y
ABMI-1457-NW,2015,n
ABMI-1457-SE,2015,n
ABMI-1457-SW,2015,y
ABMI-1458-NE,2015,y
ABMI-1458-NW,2015,n
ABMI-1458-SE,2015,n
ABMI-1458-SW,2015,y
ABMI-1459-NE,2017,y
ABMI-1459-NW,2017,n
ABMI-1459-SE,2017,n
ABMI-1459-SW,2017,y
ABMI-1460-NE,2017,y
ABMI-1460-NW,2017,n
ABMI-1460-SE,2017,n
ABMI-1460-SW,2017,y
ABMI-1461-NE,2017,y
ABMI-1461-NW,2017,n
ABMI-1461-SE,2017,n
ABMI-1461-SW,2017,y
ABMI-1462-NE,2018,y
ABMI-1462-SW,2018,n
ABMI-1463-NE,2018,y
ABMI-1463-SW,2018,n
ABMI-1464-NE,2018,y
ABMI-1464-SW,2018,n
ABMI-1465-NE,2016,n
ABMI-1465-NW,2016,n
ABMI-1465-SE,2016,n
ABMI-1465-SW,2016,n
ABMI-1466-NE,2017,n
ABMI-1466-NW,2017,n
ABMI-1466-SE,2017,n
ABMI-1466-SW,2017,n
ABMI-1467-NE,2017,n
ABMI-1467-NW,2017,n
ABMI-1467-SE,2017,n
ABMI-1467-SW,2017,n
ABMI-1468-NE,2018,y
ABMI-1468-NW,2018,n
ABMI-1468-SE,2018,n
ABMI-1468-SW,2018,y
ABMI-1469-NE,2018,y
ABMI-1469-NW,2018,n
ABMI-1469-SE,2018,n
ABMI-1469-SW,2018,NA
ABMI-1470-NE,2017,y
ABMI-1470-NW,2017,n
ABMI-1470-SE,2017,n
ABMI-1470-SW,2017,y
ABMI-1471-NE,2016,n
ABMI-1471-NW,2016,y
ABMI-1471-SE,2016,n
ABMI-1471-SW,2016,n
ABMI-1472-NE,2016,n
ABMI-1472-NW,2016,NA
ABMI-1472-SE,2016,n
ABMI-1472-SW,2016,n
ABMI-1473-NE,2016,n
ABMI-1473-NW,2016,n
ABMI-1473-SE,2016,n
ABMI-1473-SW,2016,n
ABMI-1474-NE,2018,y
ABMI-1474-SW,2018,n
ABMI-1475-NE,2018,y
ABMI-1475-SW,2018,n
ABMI-1477-NE,2015,y
ABMI-1477-NW,2015,n
ABMI-1477-SE,2015,n
ABMI-1477-SW,2015,y
ABMI-1478-NE,2015,y
ABMI-1478-NW,2015,n
ABMI-1478-SE,2015,n
ABMI-1478-SW,2015,y
ABMI-1479-NE,2015,y
ABMI-1479-NW,2015,n
ABMI-1479-NW-b,2015,n
ABMI-1479-SE,2015,n
ABMI-1479-SW,2015,y
ABMI-1480-NE,2017,y
ABMI-1480-NW,2017,n
ABMI-1480-SE,2017,n
ABMI-1480-SW,2017,y
ABMI-1481-NE,2017,y
ABMI-1481-NW,2017,n
ABMI-1481-SE,2017,n
ABMI-1481-SW,2017,y
ABMI-1482-NE,2017,y
ABMI-1482-NW,2017,n
ABMI-1482-SE,2017,n
ABMI-1482-SW,2017,y
ABMI-1486-NE,2016,y
ABMI-1486-NW,2016,n
ABMI-1486-SE,2016,n
ABMI-1486-SW,2016,y
ABMI-1491-NE,2015,y
ABMI-1491-NW,2015,n
ABMI-1491-SE,2015,n
ABMI-1491-SW,2015,y
ABMI-1492-NE,2015,y
ABMI-1492-NW,2015,y
ABMI-1492-SE,2015,n
ABMI-1492-SW,2015,n
ABMI-1493B-NE,2015,y
ABMI-1493B-NW,2015,n
ABMI-1493B-SE,2015,n
ABMI-1493B-SW,2015,n
ABMI-1494-NE,2017,n
ABMI-1494-NW,2017,n
ABMI-1494-SE,2017,y
ABMI-1494-SW,2017,y
ABMI-1495B-NE,2017,y
ABMI-1495B-NW,2017,n
ABMI-1495B-SE,2017,n
ABMI-1495B-SW,2017,y
ABMI-1495-NE,2017,y
ABMI-1495-NW,2017,n
ABMI-1495-SE,2017,n
ABMI-1495-SW,2017,y
ABMI-1496-NE,2017,y
ABMI-1496-NW,2017,y
ABMI-1496-SE,2017,n
ABMI-1496-SW,2017,n
ABMI-1497-NE,2018,y
ABMI-1497-SW,2018,n
ABMI-1498-NE,2018,y
ABMI-1498-SW,2018,n
ABMI-1499-NE,2018,y
ABMI-1499-SW,2018,n
ABMI-14-NE,2015,y
ABMI-14-NW,2015,n
ABMI-14-SE,2015,n
ABMI-14-SW,2015,y
ABMI-1500-NE,2016,y
ABMI-1500-NW,2016,n
ABMI-1500-SE,2016,n
ABMI-1500-SW,2016,y
ABMI-1501-NE,2016,y
ABMI-1501-NW,2016,NA
ABMI-1501-SE,2016,n
ABMI-1501-SW,2016,NA
ABMI-1502-NE,2016,y
ABMI-1502-NW,2016,n
ABMI-1502-SE,2016,n
ABMI-1502-SW,2016,y
ABMI-1506-NE,2015,y
ABMI-1506-NW,2015,n
ABMI-1506-SE,2015,n
ABMI-1506-SW,2015,y
ABMI-1510-NE,2015,y
ABMI-1510-NW,2015,n
ABMI-1510-SE,2015,n
ABMI-1510-SW,2015,y
ABMI-1511-NE,2015,y
ABMI-1511-NW,2015,n
ABMI-1511-SE,2015,n
ABMI-1511-SW,2015,y
ABMI-1512-NE,2015,y
ABMI-1512-NW,2015,n
ABMI-1512-SE,2015,n
ABMI-1512-SW,2015,y
ABMI-1513-NE,2017,n
ABMI-1513-NW,2017,n
ABMI-1513-NW-b,2017,n
ABMI-1513-SE,2017,y
ABMI-1513-SW,2017,y
ABMI-1514-NE,2017,y
ABMI-1514-NW,2017,n
ABMI-1514-SE,2017,n
ABMI-1514-SW,2017,y
ABMI-1515-NE,2017,y
ABMI-1515-NW,2017,n
ABMI-1515-SE,2017,n
ABMI-1515-SW,2017,y
ABMI-1516-NE,2018,y
ABMI-1516-SW,2018,n
ABMI-1517-NE,2018,y
ABMI-1517-SW,2018,n
ABMI-1519-NE,2016,y
ABMI-1519-NW,2016,n
ABMI-1519-SE,2016,n
ABMI-1519-SW,2016,y
ABMI-1520-NE,2016,n
ABMI-1520-NW,2016,n
ABMI-1520-SE,2016,y
ABMI-1520-SW,2016,y
ABMI-1521-NE,2016,y
ABMI-1521-NW,2016,n
ABMI-1521-SE,2016,y
ABMI-1521-SW,2016,n
ABMI-1525B-NE,2015,y
ABMI-1525B-NW,2015,n
ABMI-1525B-SE,2015,n
ABMI-1525B-SW,2015,y
ABMI-1526-NE,2015,y
ABMI-1526-NW,2015,n
ABMI-1526-SE,2015,n
ABMI-1526-SW,2015,y
ABMI-1529-NE,2015,y
ABMI-1529-NW,2015,n
ABMI-1529-SE,2015,n
ABMI-1529-SW,2015,y
ABMI-1530-NE,2015,y
ABMI-1530-NW,2015,n
ABMI-1530-SE,2015,n
ABMI-1530-SW,2015,y
ABMI-1531-NE,2015,n
ABMI-1531-NW,2015,n
ABMI-1531-SE,2015,y
ABMI-1531-SW,2015,y
ABMI-1532-NE,2017,y
ABMI-1532-NW,2017,y
ABMI-1532-SE,2017,n
ABMI-1532-SW,2017,n
ABMI-1533-NE,2017,n
ABMI-1533-NW,2017,y
ABMI-1533-SE,2017,n
ABMI-1533-SW,2017,y
ABMI-1534-NE,2017,y
ABMI-1534-NW,2017,y
ABMI-1534-SE,2017,n
ABMI-1534-SW,2017,n
ABMI-1535-NE,2018,y
ABMI-1535-SW,2018,n
ABMI-1536-NE,2018,y
ABMI-1536-SW,2018,n
ABMI-1537-NE,2018,y
ABMI-1537-SW,2018,n
ABMI-1538-NE,2016,y
ABMI-1538-NW,2016,n
ABMI-1538-SE,2016,n
ABMI-1538-SW,2016,y
ABMI-1539-NE,2016,y
ABMI-1539-NW,2016,n
ABMI-1539-SE,2016,n
ABMI-1539-SW,2016,y
ABMI-1540-NE,2016,y
ABMI-1540-NW,2016,n
ABMI-1540-SE,2016,n
ABMI-1540-SW,2016,y
ABMI-1544-NE,2015,y
ABMI-1544-NW,2015,n
ABMI-1544-SE,2015,n
ABMI-1544-SW,2015,y
ABMI-1545-NE,2015,y
ABMI-1545-NW,2015,n
ABMI-1545-SE,2015,n
ABMI-1545-SW,2015,y
ABMI-1546-NE,2017,y
ABMI-1546-NW,2017,n
ABMI-1546-SE,2017,n
ABMI-1546-SW,2017,y
ABMI-1547-NE,2018,NA
ABMI-1547-NW,2018,n
ABMI-1547-SE,2018,NA
ABMI-1547-SW,2018,y
ABMI-154-NE,2017,y
ABMI-154-NW,2017,n
ABMI-154-SE,2017,n
ABMI-154-SW,2017,y
ABMI-1550-NE,2016,y
ABMI-1550-NW,2016,n
ABMI-1550-SE,2016,n
ABMI-1550-SW,2016,y
ABMI-1551-NE,2016,y
ABMI-1551-NW,2016,n
ABMI-1551-SE,2016,n
ABMI-1551-SW,2016,y
ABMI-1552-NE,2016,y
ABMI-1552-NW,2016,n
ABMI-1552-SE,2016,n
ABMI-1552-SW,2016,y
ABMI-1556-NE,2015,y
ABMI-1556-NW,2015,n
ABMI-1556-SE,2015,n
ABMI-1556-SW,2015,y
ABMI-1557-NE,2015,y
ABMI-1557-NW,2015,n
ABMI-1557-SE,2015,n
ABMI-1557-SW,2015,y
ABMI-1558-NE,2015,y
ABMI-1558-NW,2015,n
ABMI-1558-SE,2015,n
ABMI-1558-SW,2015,y
ABMI-1559-NE,2017,y
ABMI-1559-NW,2017,n
ABMI-1559-SE,2017,n
ABMI-1559-SW,2017,y
ABMI-1560-NE,2017,y
ABMI-1560-NW,2017,n
ABMI-1560-SE,2017,n
ABMI-1560-SW,2017,y
ABMI-1562-NE,2018,y
ABMI-1562-SW,2018,n
ABMI-1564-NE,2018,y
ABMI-1564-NW,2018,n
ABMI-1564-SE,2018,n
ABMI-1564-SW,2018,y
ABMI-1565-NE,2018,y
ABMI-1565-NW,2018,n
ABMI-1565-SE,2018,n
ABMI-1565-SW,2018,y
ABMI-1566-NE,2018,y
ABMI-1566-NW,2018,n
ABMI-1566-SE,2018,n
ABMI-1566-SW,2018,y
ABMI-1567-NE,2016,y
ABMI-1567-NW,2016,n
ABMI-1567-SE,2016,n
ABMI-1567-SW,2016,y
ABMI-1568-NE,2016,n
ABMI-1568-NW,2016,n
ABMI-1568-SE,2016,y
ABMI-1568-SW,2016,y
ABMI-1569-NE,2016,y
ABMI-1569-NW,2016,n
ABMI-1569-SE,2016,n
ABMI-1569-SW,2016,y
ABMI-1573-NE,2015,y
ABMI-1573-NW,2015,n
ABMI-1573-SE,2015,y
ABMI-1573-SW,2015,n
ABMI-1574-NE,2015,y
ABMI-1574-NW,2015,n
ABMI-1574-SE,2015,n
ABMI-1574-SW,2015,y
ABMI-1575-NE,2015,y
ABMI-1575-NW,2015,n
ABMI-1575-SE,2015,n
ABMI-1575-SW,2015,y
ABMI-1576-NE,2017,y
ABMI-1576-NW,2017,n
ABMI-1576-SE,2017,n
ABMI-1576-SW,2017,y
ABMI-1577B-NE,2017,y
ABMI-1577B-NW,2017,n
ABMI-1577B-SE,2017,n
ABMI-1577B-SW,2017,y
ABMI-1577-NE,2017,y
ABMI-1577-NW,2017,n
ABMI-1577-SE,2017,n
ABMI-1577-SW,2017,y
ABMI-1578-NE,2017,y
ABMI-1578-NW,2017,n
ABMI-1578-SE,2017,n
ABMI-1578-SW,2017,y
ABMI-1579-NE,2017,y
ABMI-1579-NE,2018,y
ABMI-1579-NW,2017,n
ABMI-1579-SE,2017,n
ABMI-1579-SW,2017,y
ABMI-1579-SW,2018,y
ABMI-1580-NE,2018,y
ABMI-1580-SW,2018,n
ABMI-1581-NE,2018,y
ABMI-1581-NW,2018,n
ABMI-1581-SE,2018,n
ABMI-1581-SW,2018,y
ABMI-1584-NE,2016,y
ABMI-1584-NW,2016,n
ABMI-1584-SE,2016,n
ABMI-1584-SW,2016,y
ABMI-1585-NE,2016,y
ABMI-1585-NW,2016,n
ABMI-1585-SE,2016,n
ABMI-1585-SW,2016,y
ABMI-1586-NE,2016,y
ABMI-1586-NW,2016,n
ABMI-1586-SE,2016,y
ABMI-1586-SW,2016,n
ABMI-1590-NE,2015,y
ABMI-1590-NW,2015,n
ABMI-1590-SE,2015,n
ABMI-1590-SW,2015,y
ABMI-1591-NE,2015,y
ABMI-1591-NW,2015,n
ABMI-1591-SE,2015,n
ABMI-1591-SW,2015,y
ABMI-1592-NE,2015,n
ABMI-1592-NW,2015,n
ABMI-1592-SW,2015,y
ABMI-1593-NE,2017,y
ABMI-1593-NW,2017,n
ABMI-1593-SE,2017,n
ABMI-1593-SW,2017,y
ABMI-1594-NE,2017,y
ABMI-1594-NW,2017,n
ABMI-1594-SE,2017,n
ABMI-1594-SW,2017,y
ABMI-1595-NE,2016,y
ABMI-1595-NW,2016,n
ABMI-1595-SE,2016,n
ABMI-1595-SW,2016,y
ABMI-1596-NE,2018,y
ABMI-1596-NW,2018,n
ABMI-1596-SE,2018,n
ABMI-1596-SW,2018,y
ABMI-1597-NE,2017,y
ABMI-1597-NE,2018,y
ABMI-1597-NW,2017,n
ABMI-1597-SE,2017,n
ABMI-1597-SW,2017,y
ABMI-1597-SW,2018,y
ABMI-1598-NE,2018,y
ABMI-1598-NW,2018,n
ABMI-1598-SE,2018,n
ABMI-1598-SW,2018,y
ABMI-15-NE,2015,y
ABMI-15-NW,2015,n
ABMI-15-SE,2015,n
ABMI-15-SW,2015,y
ABMI-1601-NE,2015,y
ABMI-1601-NW,2015,n
ABMI-1601-SE,2015,n
ABMI-1601-SW,2015,y
ABMI-1602-NE,2015,y
ABMI-1602-NW,2015,n
ABMI-1602-SE,2015,n
ABMI-1602-SW,2015,y
ABMI-1603-NE,2015,n
ABMI-1603-NW,2015,n
ABMI-1603-SE,2015,n
ABMI-1603-SW,2015,y
ABMI-1604-NE,2017,y
ABMI-1604-NW,2017,n
ABMI-1604-SE,2017,n
ABMI-1604-SW,2017,y
ABMI-1605-NE,2017,y
ABMI-1605-NW,2017,n
ABMI-1605-SE,2017,n
ABMI-1605-SW,2017,y
ABMI-1606-NE,2017,n
ABMI-1606-NW,2017,n
ABMI-1606-SE,2017,y
ABMI-1606-SW,2017,y
ABMI-1607-NE,2018,y
ABMI-1607-SW,2018,n
ABMI-1608-NE,2018,y
ABMI-1608-SW,2018,n
ABMI-1609-NE,2018,NA
ABMI-1609-SW,2018,n
ABMI-1610-NE,2016,y
ABMI-1610-NW,2016,n
ABMI-1610-SE,2016,y
ABMI-1610-SW,2016,n
ABMI-1611-NE,2016,y
ABMI-1611-NW,2016,n
ABMI-1611-SE,2016,n
ABMI-1611-SW,2016,y
ABMI-1612B-NE,2016,y
ABMI-1612B-NW,2016,n
ABMI-1612B-SE,2016,n
ABMI-1612B-SW,2016,y
ABMI-1618-NE,2015,y
ABMI-1618-NW,2015,n
ABMI-1618-SE,2015,n
ABMI-1618-SW,2015,y
ABMI-1620-NE,2015,y
ABMI-1620-NW,2015,n
ABMI-1620-SE,2015,n
ABMI-1620-SW,2015,y
ABMI-1621-NE,2017,y
ABMI-1621-NW,2017,n
ABMI-1621-SE,2017,n
ABMI-1621-SW,2017,y
ABMI-1622-NE,2017,y
ABMI-1622-NW,2017,n
ABMI-1622-SE,2017,n
ABMI-1622-SW,2017,y
ABMI-1623-NE,2017,y
ABMI-1623-NW,2017,n
ABMI-1623-SE,2017,n
ABMI-1623-SW,2017,y
ABMI-1624-NE,2018,y
ABMI-1624-SW,2018,n
ABMI-1625-NE,2018,y
ABMI-1625-SW,2018,n
ABMI-1626-NE,2018,y
ABMI-1626-SW,2018,n
ABMI-1627B-NE,2016,y
ABMI-1627B-NW,2016,n
ABMI-1627B-SE,2016,n
ABMI-1627B-SW,2016,y
ABMI-1628-NE,2016,y
ABMI-1628-NW,2016,n
ABMI-1628-SE,2016,n
ABMI-1628-SW,2016,y
ABMI-1629-NE,2016,y
ABMI-1629-NW,2016,n
ABMI-1629-SE,2016,n
ABMI-1629-SW,2016,y
ABMI-1635-NE,2015,n
ABMI-1635-NW,2015,y
ABMI-1635-SE,2015,n
ABMI-1635-SW,2015,y
ABMI-1636-NE,2015,n
ABMI-1636-NW,2015,n
ABMI-1636-SE,2015,n
ABMI-1636-SW,2015,y
ABMI-1637-NE,2015,y
ABMI-1637-NW,2015,n
ABMI-1637-SE,2015,n
ABMI-1637-SW,2015,y
ABMI-1638-NE,2017,y
ABMI-1638-NW,2017,n
ABMI-1638-SE,2017,n
ABMI-1638-SW,2017,NA
ABMI-1639-NE,2017,y
ABMI-1639-NW,2017,n
ABMI-1639-SE,2017,n
ABMI-1639-SW,2017,y
ABMI-1640-NE,2017,y
ABMI-1640-NW,2017,n
ABMI-1640-SE,2017,n
ABMI-1640-SW,2017,y
ABMI-1641-NE,2018,y
ABMI-1641-SW,2018,NA
ABMI-1642-NE,2018,y
ABMI-1642-SW,2018,n
ABMI-1643-NE,2018,y
ABMI-1643-SW,2018,n
ABMI-1644-NE,2016,y
ABMI-1644-NW,2016,n
ABMI-1644-SE,2016,n
ABMI-1644-SW,2016,y
ABMI-1645-NE,2016,y
ABMI-1645-NW,2016,n
ABMI-1645-SE,2016,n
ABMI-1645-SW,2016,y
ABMI-1647-NE,2017,y
ABMI-1647-NW,2017,n
ABMI-1647-SE,2017,n
ABMI-1647-SW,2017,y
ABMI-1648-NE,2018,y
ABMI-1648-NW,2018,n
ABMI-1648-SE,2018,n
ABMI-1648-SW,2018,NA
ABMI-1649-NE,2018,y
ABMI-1649-NW,2018,n
ABMI-1649-SE,2018,n
ABMI-1649-SW,2018,y
ABMI-1650-NE,2018,y
ABMI-1650-NW,2018,n
ABMI-1650-SE,2018,n
ABMI-1650-SW,2018,y
ABMI-1651-NE,2016,y
ABMI-1651-NW,2016,n
ABMI-1651-SE,2016,n
ABMI-1651-SW,2016,y
ABMI-1652-NE,2016,y
ABMI-1652-NW,2016,n
ABMI-1652-SE,2016,n
ABMI-1652-SW,2016,y
ABMI-1653-NE,2016,y
ABMI-1653-NW,2016,n
ABMI-1653-SE,2016,n
ABMI-1653-SW,2016,y
ABMI-1656-NE,2018,NA
ABMI-1656-NW,2018,NA
ABMI-1656-SE,2018,n
ABMI-1656-SW,2018,y
ABMI-16-NE,2017,y
ABMI-16-NW,2017,n
ABMI-16-SE,2017,n
ABMI-16-SW,2017,y
ABMI-17-NE,2017,y
ABMI-17-NW,2017,n
ABMI-17-SE,2017,n
ABMI-17-SW,2017,y
ABMI-181-NE,2017,y
ABMI-181-NW,2017,n
ABMI-181-SE,2017,n
ABMI-181-SW,2017,y
ABMI-182-NE,2017,y
ABMI-182-NW,2017,n
ABMI-182-SE,2017,n
ABMI-182-SW,2017,y
ABMI-183-NE,2017,y
ABMI-183-NW,2017,n
ABMI-183-SE,2017,n
ABMI-183-SW,2017,y
ABMI-187-NE,2018,n
ABMI-187-NW,2018,n
ABMI-187-SE,2018,n
ABMI-187-SW,2018,n
ABMI-18-NE,2017,y
ABMI-18-NW,2017,n
ABMI-18-SE,2017,n
ABMI-18-SW,2017,y
ABMI-19-NE,2018,n
ABMI-19-SW,2018,y
ABMI-1-NE,2015,y
ABMI-1-NW,2015,n
ABMI-1-SE,2015,n
ABMI-1-SW,2015,y
ABMI-210-NE,2017,y
ABMI-210-NW,2017,n
ABMI-210-SE,2017,n
ABMI-210-SW,2017,y
ABMI-211-NE,2017,y
ABMI-211-NW,2017,n
ABMI-211-SE,2017,n
ABMI-211-SW,2017,y
ABMI-212-NE,2017,y
ABMI-212-NW,2017,n
ABMI-212-SE,2017,n
ABMI-212-SW,2017,y
ABMI-213-NE,2018,n
ABMI-213-SW,2018,y
ABMI-234-NE,2016,n
ABMI-234-NW,2016,n
ABMI-234-SE,2015,n
ABMI-234-SE,2016,n
ABMI-234-SW,2016,y
ABMI-235-NE,2015,y
ABMI-235-NE,2016,y
ABMI-235-NW,2015,n
ABMI-235-NW,2016,n
ABMI-235-SE,2015,n
ABMI-235-SE,2016,n
ABMI-235-SW,2015,y
ABMI-235-SW,2016,y
ABMI-236-NE,2015,y
ABMI-236-NE,2016,y
ABMI-236-NW,2015,n
ABMI-236-NW,2016,n
ABMI-236-SE,2015,n
ABMI-236-SE,2016,n
ABMI-236-SW,2015,y
ABMI-236-SW,2016,y
ABMI-238-NE,2018,n
ABMI-238-SW,2018,y
ABMI-239-NE,2018,n
ABMI-239-SW,2018,y
ABMI-240-NE,2016,y
ABMI-240-NW,2016,n
ABMI-240-SE,2016,n
ABMI-240-SW,2016,y
ABMI-241-NE,2016,y
ABMI-241-NW,2016,n
ABMI-241-SE,2016,n
ABMI-241-SW,2016,y
ABMI-242-NE,2016,y
ABMI-242-NW,2016,n
ABMI-242-SE,2016,n
ABMI-242-SW,2016,y
ABMI-264-NE,2015,y
ABMI-264-NE,2016,y
ABMI-264-NW,2015,n
ABMI-264-NW,2016,n
ABMI-264-SE,2015,n
ABMI-264-SE,2016,n
ABMI-264-SW,2015,y
ABMI-264-SW,2016,y
ABMI-265-NE,2015,y
ABMI-265-NE,2016,y
ABMI-265-NW,2015,n
ABMI-265-NW,2016,n
ABMI-265-SE,2015,n
ABMI-265-SE,2016,n
ABMI-265-SW,2015,y
ABMI-265-SW,2016,y
ABMI-266-NE,2015,y
ABMI-266-NE,2016,y
ABMI-266-NW,2015,n
ABMI-266-NW,2016,n
ABMI-266-SE,2015,n
ABMI-266-SE,2016,n
ABMI-266-SW,2015,y
ABMI-266-SW,2016,y
ABMI-267-NE,2018,n
ABMI-267-SW,2018,y
ABMI-268-NE,2018,n
ABMI-268-SW,2018,y
ABMI-269-NE,2018,n
ABMI-269-SW,2018,y
ABMI-270-NE,2016,y
ABMI-270-NW,2016,n
ABMI-270-SE,2016,n
ABMI-270-SW,2016,y
ABMI-271-NE,2016,y
ABMI-271-NW,2016,n
ABMI-271-SE,2016,n
ABMI-271-SW,2016,y
ABMI-272-NE,2016,y
ABMI-272-NW,2016,n
ABMI-272-SE,2016,n
ABMI-272-SW,2016,y
ABMI-277-NE,2018,n
ABMI-277-NW,2018,n
ABMI-277-SE,2018,n
ABMI-277-SW,2018,n
ABMI-294-NE,2015,y
ABMI-294-NE,2016,y
ABMI-294-NW,2015,n
ABMI-294-NW,2016,n
ABMI-294-SE,2015,n
ABMI-294-SE,2016,n
ABMI-294-SW,2015,y
ABMI-294-SW,2016,y
ABMI-295-NE,2015,y
ABMI-295-NE,2016,y
ABMI-295-NW,2015,n
ABMI-295-NW,2016,n
ABMI-295-SE,2015,n
ABMI-295-SE,2016,n
ABMI-295-SW,2015,y
ABMI-295-SW,2016,y
ABMI-296-NE,2015,y
ABMI-296-NE,2016,y
ABMI-296-NW,2015,n
ABMI-296-NW,2016,n
ABMI-296-SE,2015,n
ABMI-296-SE,2016,n
ABMI-296-SW,2015,y
ABMI-296-SW,2016,y
ABMI-297-NE,2018,n
ABMI-297-SW,2018,y
ABMI-298-NE,2018,n
ABMI-298-SW,2018,y
ABMI-299-NE,2018,n
ABMI-299-SW,2018,y
ABMI-2-NE,2015,y
ABMI-2-NW,2015,n
ABMI-2-SE,2015,n
ABMI-2-SW,2015,y
ABMI-300-NE,2016,y
ABMI-300-NW,2016,n
ABMI-300-SE,2016,n
ABMI-300-SW,2016,y
ABMI-301-NE,2016,y
ABMI-301-NW,2016,n
ABMI-301-SE,2016,n
ABMI-301-SW,2016,y
ABMI-302-NE,2016,y
ABMI-302-NW,2016,n
ABMI-302-SE,2016,n
ABMI-302-SW,2016,y
ABMI-317-NE,2017,y
ABMI-317-NW,2017,n
ABMI-317-SE,2017,n
ABMI-317-SW,2017,y
ABMI-318-NE,2017,y
ABMI-318-NW,2017,n
ABMI-318-SE,2017,n
ABMI-318-SW,2017,y
ABMI-319-NE,2017,y
ABMI-319-NW,2017,n
ABMI-319-SE,2017,n
ABMI-319-SW,2017,y
ABMI-320-NE,2018,y
ABMI-320-NW,2018,n
ABMI-320-SE,2018,n
ABMI-320-SW,2018,y
ABMI-321-NE,2018,y
ABMI-321-NW,2018,n
ABMI-321-SE,2018,n
ABMI-321-SW,2018,y
ABMI-322-NE,2018,y
ABMI-322-NW,2018,n
ABMI-322-SE,2018,n
ABMI-322-SW,2018,y
ABMI-323-NE,2016,y
ABMI-323-NW,2016,n
ABMI-323-SE,2016,n
ABMI-323-SW,2016,y
ABMI-324-NE,2016,y
ABMI-324-NW,2016,n
ABMI-324-SE,2016,n
ABMI-324-SW,2016,y
ABMI-325-NE,2016,y
ABMI-325-NW,2016,n
ABMI-325-SE,2016,n
ABMI-325-SW,2016,y
ABMI-329-NE,2015,y
ABMI-329-NW,2015,n
ABMI-329-SE,2015,n
ABMI-329-SW,2015,y
ABMI-32-NE,2015,n
ABMI-330-NE,2015,y
ABMI-330-NW,2015,n
ABMI-330-SE,2015,n
ABMI-330-SW,2015,y
ABMI-331-NE,2015,y
ABMI-331-NW,2015,n
ABMI-331-SE,2015,n
ABMI-331-SW,2015,y
ABMI-332-NE,2017,y
ABMI-332-NW,2017,n
ABMI-332-SE,2017,n
ABMI-332-SW,2017,y
ABMI-33-NE,2015,y
ABMI-33-NW,2015,n
ABMI-33-SE,2015,n
ABMI-33-SW,2015,y
ABMI-346-NE,2017,y
ABMI-346-NW,2017,n
ABMI-346-SE,2017,n
ABMI-346-SW,2017,NA
ABMI-347-NE,2017,y
ABMI-347-NW,2017,n
ABMI-347-SE,2017,n
ABMI-347-SW,2017,y
ABMI-348-NE,2017,y
ABMI-348-NW,2017,n
ABMI-348-SE,2017,n
ABMI-348-SW,2017,y
ABMI-349-NE,2018,y
ABMI-349-NW,2018,n
ABMI-349-SE,2018,n
ABMI-349-SW,2018,y
ABMI-34-NE,2015,y
ABMI-34-NW,2015,n
ABMI-34-SE,2015,n
ABMI-34-SW,2015,y
ABMI-350-NE,2018,y
ABMI-350-NW,2018,n
ABMI-350-SE,2018,n
ABMI-350-SW,2018,y
ABMI-351-NE,2018,y
ABMI-351-NW,2018,n
ABMI-351-SE,2018,n
ABMI-351-SW,2018,y
ABMI-352-NE,2016,y
ABMI-352-NW,2016,n
ABMI-352-SE,2016,n
ABMI-352-SW,2016,y
ABMI-353-NE,2016,y
ABMI-353-NW,2016,n
ABMI-353-SE,2016,n
ABMI-353-SW,2016,y
ABMI-354-NE,2016,y
ABMI-354-NW,2016,n
ABMI-354-SE,2016,n
ABMI-354-SW,2016,y
ABMI-358-NE,2015,y
ABMI-358-NW,2015,n
ABMI-358-SE,2015,n
ABMI-358-SW,2015,y
ABMI-359-NE,2015,y
ABMI-359-NW,2015,n
ABMI-359-SE,2015,n
ABMI-359-SW,2015,y
ABMI-35-NE,2017,y
ABMI-35-NW,2017,n
ABMI-35-SE,2017,n
ABMI-35-SW,2017,y
ABMI-360-NE,2015,y
ABMI-360-NW,2015,n
ABMI-360-SE,2015,n
ABMI-360-SW,2015,y
ABMI-361-NE,2017,y
ABMI-361-NW,2017,n
ABMI-361-SE,2017,n
ABMI-361-SW,2017,y
ABMI-362-NE,2017,y
ABMI-362-NW,2017,n
ABMI-362-SE,2017,n
ABMI-362-SW,2017,y
ABMI-36-NE,2017,y
ABMI-36-NW,2017,n
ABMI-36-SE,2017,n
ABMI-36-SW,2017,y
ABMI-376-NE,2017,y
ABMI-376-NW,2017,n
ABMI-376-SE,2017,n
ABMI-376-SW,2017,y
ABMI-377-NE,2017,y
ABMI-377-NW,2017,n
ABMI-377-SE,2017,n
ABMI-377-SW,2017,y
ABMI-378-NE,2017,y
ABMI-378-NW,2017,n
ABMI-378-SE,2017,n
ABMI-378-SW,2017,y
ABMI-379-NE,2018,y
ABMI-379-NW,2018,n
ABMI-379-SE,2018,n
ABMI-379-SW,2018,y
ABMI-37-NE,2017,y
ABMI-37-NW,2017,n
ABMI-37-SE,2017,n
ABMI-37-SW,2017,y
ABMI-380-NE,2018,y
ABMI-380-NW,2018,n
ABMI-380-SE,2018,n
ABMI-380-SW,2018,y
ABMI-381-NE,2018,y
ABMI-381-NW,2018,n
ABMI-381-SE,2018,n
ABMI-381-SW,2018,y
ABMI-382-NE,2016,y
ABMI-382-NW,2016,n
ABMI-382-SE,2016,n
ABMI-382-SW,2016,y
ABMI-383-NE,2016,y
ABMI-383-NW,2016,n
ABMI-383-SE,2016,n
ABMI-383-SW,2016,y
ABMI-384-NE,2016,y
ABMI-384-NW,2016,n
ABMI-384-SE,2016,n
ABMI-384-SW,2016,y
ABMI-388-NE,2015,y
ABMI-388-NW,2015,n
ABMI-388-SE,2015,n
ABMI-388-SW,2015,y
ABMI-389-NE,2015,y
ABMI-389-NW,2015,n
ABMI-389-SE,2015,n
ABMI-389-SW,2015,y
ABMI-38-NE,2018,n
ABMI-38-SW,2018,y
ABMI-390-NE,2015,y
ABMI-390-NW,2015,n
ABMI-390-SE,2015,n
ABMI-390-SW,2015,y
ABMI-391-NE,2017,y
ABMI-391-NW,2017,n
ABMI-391-SE,2017,n
ABMI-391-SW,2017,y
ABMI-392-NE,2017,y
ABMI-392-NW,2017,n
ABMI-392-SE,2017,n
ABMI-392-SW,2017,y
ABMI-39-NE,2018,n
ABMI-39-SW,2018,y
ABMI-3-NE,2015,y
ABMI-3-NW,2015,n
ABMI-3-SE,2015,n
ABMI-3-SW,2015,y
ABMI-403-NE,2018,y
ABMI-403-NW,2018,n
ABMI-403-SE,2018,n
ABMI-403-SW,2018,y
ABMI-404-NE,2018,y
ABMI-404-NW,2018,n
ABMI-404-SE,2018,n
ABMI-404-SW,2018,y
ABMI-405-NE,2018,y
ABMI-405-NW,2018,n
ABMI-405-SE,2018,n
ABMI-405-SW,2018,y
ABMI-412-NE,2015,y
ABMI-412-NW,2015,n
ABMI-412-SE,2015,n
ABMI-412-SW,2015,y
ABMI-413-NE,2015,y
ABMI-413-NW,2015,n
ABMI-413-SE,2015,n
ABMI-413-SW,2015,y
ABMI-414-NE,2015,y
ABMI-414-NW,2015,n
ABMI-414-SE,2015,n
ABMI-414-SW,2015,y
ABMI-415-NE,2017,y
ABMI-415-NW,2017,n
ABMI-415-SE,2017,n
ABMI-415-SW,2017,y
ABMI-416-NE,2017,y
ABMI-416-NW,2017,n
ABMI-416-SE,2017,n
ABMI-416-SW,2017,y
ABMI-417-NE,2017,y
ABMI-417-NW,2017,n
ABMI-417-SE,2017,n
ABMI-417-SW,2017,y
ABMI-418-NE,2018,y
ABMI-418-SW,2018,n
ABMI-419-NE,2018,y
ABMI-419-SW,2018,n
ABMI-420-NE,2018,y
ABMI-420-SW,2018,n
ABMI-421-NE,2016,y
ABMI-421-NW,2016,n
ABMI-421-SE,2016,n
ABMI-421-SW,2016,y
ABMI-422-NE,2016,y
ABMI-422-NW,2016,n
ABMI-422-SE,2016,n
ABMI-422-SW,2016,y
ABMI-433-NE,2018,y
ABMI-433-NW,2018,n
ABMI-433-SE,2018,n
ABMI-433-SW,2018,y
ABMI-434-NE,2018,y
ABMI-434-NW,2018,n
ABMI-434-SE,2018,n
ABMI-434-SW,2018,y
ABMI-435-NE,2018,y
ABMI-435-NW,2018,n
ABMI-435-SE,2018,n
ABMI-435-SW,2018,y
ABMI-442-NE,2015,y
ABMI-442-NW,2015,n
ABMI-442-SE,2015,n
ABMI-442-SW,2015,y
ABMI-443-NE,2015,y
ABMI-443-NW,2015,n
ABMI-443-SE,2015,n
ABMI-443-SW,2015,y
ABMI-444-NE,2015,y
ABMI-444-NW,2015,n
ABMI-444-SE,2015,n
ABMI-444-SW,2015,y
ABMI-445-NE,2017,y
ABMI-445-NW,2017,n
ABMI-445-SE,2017,n
ABMI-445-SW,2017,y
ABMI-446-NE,2017,y
ABMI-446-NW,2017,n
ABMI-446-SE,2017,n
ABMI-446-SW,2017,y
ABMI-447-NE,2017,y
ABMI-447-NW,2017,n
ABMI-447-SE,2017,n
ABMI-447-SW,2017,y
ABMI-448-NE,2018,n
ABMI-448-SW,2018,n
ABMI-449-NE,2018,y
ABMI-449-SW,2018,n
ABMI-450-NE,2018,y
ABMI-450-SW,2018,n
ABMI-451-NE,2016,y
ABMI-451-NW,2016,n
ABMI-451-SE,2016,n
ABMI-451-SE,2017,n
ABMI-451-SW,2016,y
ABMI-452-NE,2016,y
ABMI-452-NE,2017,y
ABMI-452-NW,2016,n
ABMI-452-SE,2016,n
ABMI-452-SW,2016,y
ABMI-463-NE,2018,y
ABMI-463-NW,2018,n
ABMI-463-SE,2018,n
ABMI-463-SW,2018,y
ABMI-464-NE,2018,y
ABMI-464-NW,2018,n
ABMI-464-SE,2018,n
ABMI-464-SW,2018,y
ABMI-465-NE,2018,y
ABMI-465-NW,2018,n
ABMI-465-SE,2018,n
ABMI-465-SW,2018,y
ABMI-472-NE,2015,y
ABMI-472-NW,2015,n
ABMI-472-SE,2015,n
ABMI-472-SW,2015,y
ABMI-473-NE,2015,y
ABMI-473-NW,2015,n
ABMI-473-SE,2015,n
ABMI-473-SW,2015,y
ABMI-474-NE,2015,y
ABMI-474-NW,2015,n
ABMI-474-SE,2015,n
ABMI-474-SW,2015,y
ABMI-475-NE,2017,y
ABMI-475-NW,2017,n
ABMI-475-SE,2017,n
ABMI-475-SW,2017,y
ABMI-476-NE,2017,y
ABMI-476-NW,2017,n
ABMI-476-SE,2017,n
ABMI-476-SW,2017,y
ABMI-477-NE,2017,y
ABMI-477-NW,2017,n
ABMI-477-SE,2017,n
ABMI-477-SW,2017,y
ABMI-478-NE,2018,y
ABMI-478-SW,2018,n
ABMI-479-NE,2018,y
ABMI-479-SW,2018,n
ABMI-480-NE,2018,y
ABMI-480-SW,2018,n
ABMI-481-NE,2016,y
ABMI-481-NW,2016,n
ABMI-481-NW,2017,n
ABMI-481-SE,2016,n
ABMI-481-SE,2017,n
ABMI-481-SW,2016,y
ABMI-481-SW,2017,y
ABMI-482-NE,2016,y
ABMI-482-NW,2016,n
ABMI-482-SE,2016,n
ABMI-482-SW,2016,y
ABMI-482-SW,2017,y
ABMI-483-NE,2016,y
ABMI-483-NE,2017,y
ABMI-483-NW,2016,n
ABMI-483-SE,2016,n
ABMI-483-SW,2016,y
ABMI-497-NE,2016,y
ABMI-497-NW,2016,n
ABMI-497-SE,2016,n
ABMI-497-SW,2016,y
ABMI-498-NE,2016,y
ABMI-498-NW,2016,n
ABMI-498-SE,2016,n
ABMI-498-SW,2016,y
ABMI-499-NE,2016,y
ABMI-499-NW,2016,n
ABMI-499-SE,2016,n
ABMI-499-SW,2016,y
ABMI-4-NE,2017,y
ABMI-4-NW,2017,n
ABMI-4-SE,2017,n
ABMI-4-SW,2017,y
ABMI-503-NE,2018,y
ABMI-503-NW,2018,n
ABMI-503-SE,2018,n
ABMI-503-SW,2018,y
ABMI-504-NE,2018,y
ABMI-504-NW,2018,n
ABMI-504-SE,2018,n
ABMI-504-SW,2018,y
ABMI-505-NE,2018,y
ABMI-505-NW,2018,n
ABMI-505-SE,2018,n
ABMI-505-SW,2018,y
ABMI-506-NE,2016,y
ABMI-506-NW,2016,n
ABMI-506-SE,2016,n
ABMI-506-SW,2016,y
ABMI-507-NE,2016,y
ABMI-507-NW,2016,n
ABMI-507-SE,2016,n
ABMI-507-SW,2016,y
ABMI-508-NE,2016,y
ABMI-508-NW,2016,n
ABMI-508-SE,2016,n
ABMI-508-SW,2016,y
ABMI-509-NE,2014,y
ABMI-509-NW,2014,n
ABMI-509-SE,2014,n
ABMI-509-SW,2014,y
ABMI-512-NE,2015,y
ABMI-512-NW,2015,n
ABMI-512-SE,2015,n
ABMI-512-SW,2015,y
ABMI-514-NE,2015,y
ABMI-514-NW,2015,n
ABMI-514-SE,2015,n
ABMI-514-SW,2015,y
ABMI-528-NE,2016,y
ABMI-528-NW,2016,n
ABMI-528-SE,2016,n
ABMI-528-SW,2016,y
ABMI-529-NE,2016,y
ABMI-529-NW,2016,n
ABMI-529-SE,2016,n
ABMI-529-SW,2016,y
ABMI-530-NE,2016,y
ABMI-530-NW,2016,n
ABMI-530-SE,2016,n
ABMI-530-SW,2016,y
ABMI-534-NE,2018,y
ABMI-534-NW,2018,n
ABMI-534-SE,2018,n
ABMI-534-SW,2018,y
ABMI-535-NE,2018,y
ABMI-535-NW,2018,n
ABMI-535-SE,2018,n
ABMI-535-SW,2018,y
ABMI-536-NE,2018,y
ABMI-536-NW,2018,n
ABMI-536-SE,2018,n
ABMI-536-SW,2018,y
ABMI-537-NE,2016,y
ABMI-537-NW,2016,n
ABMI-537-SE,2016,n
ABMI-537-SW,2016,y
ABMI-538-NE,2016,y
ABMI-538-NW,2016,n
ABMI-538-SE,2016,n
ABMI-538-SW,2016,y
ABMI-538-SW,2017,y
ABMI-539-NE,2016,y
ABMI-539-NW,2016,n
ABMI-539-SE,2016,y
ABMI-539-SW,2016,y
ABMI-540-NE,2014,y
ABMI-540-NW,2014,n
ABMI-540-SE,2014,n
ABMI-540-SW,2014,y
ABMI-541-NE,2014,y
ABMI-541-NW,2014,n
ABMI-541-SE,2014,n
ABMI-541-SW,2014,y
ABMI-543-NE,2015,y
ABMI-543-NW,2015,n
ABMI-543-SE,2015,n
ABMI-543-SW,2015,y
ABMI-544-NE,2015,y
ABMI-544-NW,2015,n
ABMI-544-SE,2015,y
ABMI-544-SW,2015,n
ABMI-545-NW,2015,n
ABMI-545-SW,2015,y
ABMI-555-NE,2017,y
ABMI-555-NW,2017,n
ABMI-555-SE,2017,n
ABMI-555-SW,2017,y
ABMI-559-NE,2016,y
ABMI-559-NW,2016,n
ABMI-559-SE,2016,n
ABMI-559-SW,2016,y
ABMI-560-NE,2016,y
ABMI-560-NW,2016,n
ABMI-560-SE,2016,n
ABMI-560-SW,2016,y
ABMI-561-NE,2016,y
ABMI-561-NW,2016,n
ABMI-561-SE,2016,n
ABMI-561-SW,2016,y
ABMI-565-NE,2018,y
ABMI-565-NW,2018,n
ABMI-565-SE,2018,n
ABMI-565-SW,2018,y
ABMI-566-NE,2018,y
ABMI-566-NW,2018,n
ABMI-566-SE,2018,n
ABMI-566-SW,2018,y
ABMI-567-NE,2018,y
ABMI-567-NW,2018,n
ABMI-567-SE,2018,n
ABMI-567-SW,2018,y
ABMI-568-NE,2016,y
ABMI-568-NW,2016,n
ABMI-568-SE,2016,n
ABMI-568-SW,2016,y
ABMI-569-NE,2016,y
ABMI-569-NW,2016,n
ABMI-569-SE,2016,n
ABMI-569-SE,2017,n
ABMI-569-SW,2016,y
ABMI-570-NE,2016,y
ABMI-570-NW,2016,n
ABMI-570-SE,2016,n
ABMI-570-SW,2016,y
ABMI-572-NE,2014,y
ABMI-572-NW,2014,n
ABMI-572-SE,2014,n
ABMI-572-SW,2014,y
ABMI-574-NE,2015,n
ABMI-574-NW,2015,n
ABMI-574-SE,2015,n
ABMI-574-SW,2015,n
ABMI-575-NE,2015,y
ABMI-575-NW,2015,n
ABMI-575-SE,2015,n
ABMI-575-SW,2015,y
ABMI-576-NE,2015,y
ABMI-576-NW,2015,n
ABMI-576-SE,2015,n
ABMI-576-SW,2015,y
ABMI-584-NE,2016,y
ABMI-584-NW,2016,n
ABMI-584-SE,2016,n
ABMI-584-SW,2016,y
ABMI-585-NE,2016,y
ABMI-585-NW,2016,n
ABMI-585-SE,2016,n
ABMI-585-SW,2016,y
ABMI-586-NE,2016,y
ABMI-586-NW,2016,n
ABMI-586-SE,2016,n
ABMI-586-SW,2016,y
ABMI-587-NE,2017,y
ABMI-587-NW,2017,n
ABMI-587-SE,2017,n
ABMI-587-SW,2017,y
ABMI-588-NE,2017,y
ABMI-588-NE,2013,n
ABMI-588-NW,2017,n
ABMI-588-NW,2013,n
ABMI-588-SE,2017,n
ABMI-588-SE,2013,n
ABMI-588-SW,2017,y
ABMI-588-SW,2013,n
ABMI-589-NE,2017,y
ABMI-589-NW,2017,n
ABMI-589-SE,2017,n
ABMI-589-SW,2017,y
ABMI-590-NE,2018,y
ABMI-590-NW,2018,n
ABMI-590-SE,2018,n
ABMI-590-SW,2018,y
ABMI-592-NE,2018,y
ABMI-592-NW,2018,n
ABMI-592-SE,2018,n
ABMI-592-SW,2018,y
ABMI-593-NE,2016,y
ABMI-593-NW,2016,n
ABMI-593-SE,2016,n
ABMI-593-SW,2016,y
ABMI-594-NE,2016,y
ABMI-594-NW,2016,n
ABMI-594-SE,2016,n
ABMI-594-SW,2016,y
ABMI-595-NE,2016,y
ABMI-595-NW,2016,n
ABMI-595-SE,2016,n
ABMI-595-SW,2016,y
ABMI-599-NE,2015,y
ABMI-599-NW,2015,n
ABMI-599-SE,2015,n
ABMI-599-SW,2015,y
ABMI-5-NE,2017,y
ABMI-5-NW,2017,n
ABMI-5-SE,2017,n
ABMI-5-SW,2017,y
ABMI-600-NE,2015,y
ABMI-600-NW,2015,n
ABMI-600-SE,2015,n
ABMI-600-SW,2015,y
ABMI-601-NE,2015,y
ABMI-601-NW,2015,n
ABMI-601-SE,2015,n
ABMI-601-SW,2015,y
ABMI-602-NE,2017,y
ABMI-602-NW,2017,n
ABMI-602-SE,2017,n
ABMI-602-SW,2017,y
ABMI-603-NE,2017,y
ABMI-603-NW,2017,n
ABMI-603-SE,2017,n
ABMI-603-SW,2017,y
ABMI-604-NE,2017,y
ABMI-604-NW,2017,n
ABMI-604-SE,2017,n
ABMI-604-SW,2017,y
ABMI-605-NE,2018,y
ABMI-605-SW,2018,n
ABMI-606-NE,2018,y
ABMI-606-SW,2018,n
ABMI-607-NE,2018,y
ABMI-607-SW,2018,n
ABMI-608-NE,2016,y
ABMI-608-NW,2016,n
ABMI-608-SE,2016,n
ABMI-608-SW,2016,y
ABMI-616-NE,2016,y
ABMI-616-NW,2016,n
ABMI-616-SE,2016,n
ABMI-616-SW,2016,y
ABMI-617-NE,2016,y
ABMI-617-NW,2016,n
ABMI-617-SE,2016,n
ABMI-617-SW,2016,y
ABMI-618-NE,2016,y
ABMI-618-NW,2016,n
ABMI-618-SE,2016,n
ABMI-618-SW,2016,y
ABMI-619-NE,2017,y
ABMI-619-NW,2017,n
ABMI-619-SE,2017,n
ABMI-619-SW,2017,y
ABMI-620-NE,2017,y
ABMI-620-NW,2017,n
ABMI-620-SE,2017,n
ABMI-620-SW,2017,y
ABMI-621-NE,2017,y
ABMI-621-NE,2013,n
ABMI-621-NW,2017,n
ABMI-621-NW,2013,n
ABMI-621-SE,2017,n
ABMI-621-SE,2013,n
ABMI-621-SW,2017,y
ABMI-621-SW,2013,n
ABMI-622-NE,2018,y
ABMI-622-NW,2018,n
ABMI-622-SE,2018,n
ABMI-622-SW,2018,y
ABMI-623-NE,2018,y
ABMI-623-NW,2018,n
ABMI-623-SE,2018,n
ABMI-623-SW,2018,y
ABMI-624-NE,2018,n
ABMI-624-NW,2018,n
ABMI-624-SE,2018,n
ABMI-624-SW,2018,y
ABMI-625-NE,2016,y
ABMI-625-NW,2016,n
ABMI-625-SE,2016,n
ABMI-625-SW,2016,y
ABMI-626-NE,2016,y
ABMI-626-NW,2016,n
ABMI-626-SE,2016,n
ABMI-626-SW,2016,y
ABMI-627-NE,2016,y
ABMI-627-NW,2016,n
ABMI-627-SE,2016,n
ABMI-627-SW,2016,y
ABMI-631-NE,2015,y
ABMI-631-NW,2015,n
ABMI-631-SE,2015,n
ABMI-631-SW,2015,y
ABMI-632-NW,2015,n
ABMI-632-SE,2015,n
ABMI-632-SW,2015,y
ABMI-633-NE,2015,y
ABMI-633-NW,2015,n
ABMI-633-SE,2015,n
ABMI-633-SW,2015,y
ABMI-634-NE,2017,y
ABMI-634-NW,2017,n
ABMI-634-SE,2017,n
ABMI-634-SW,2017,y
ABMI-635-NE,2017,y
ABMI-635-NW,2017,n
ABMI-635-SE,2017,n
ABMI-635-SW,2017,y
ABMI-636-NE,2017,y
ABMI-636-NW,2017,n
ABMI-636-SE,2017,n
ABMI-636-SW,2017,y
ABMI-637-NE,2018,y
ABMI-637-SW,2018,n
ABMI-638-NE,2018,y
ABMI-638-SW,2018,n
ABMI-639-NE,2018,y
ABMI-639-SW,2018,n
ABMI-63-NE,2016,y
ABMI-63-NW,2016,n
ABMI-63-SE,2016,n
ABMI-63-SW,2016,y
ABMI-640-NE,2016,y
ABMI-640-NW,2016,n
ABMI-640-SE,2016,n
ABMI-640-SW,2016,y
ABMI-648-NE,2016,n
ABMI-648-NW,2016,y
ABMI-648-SE,2016,n
ABMI-648-SW,2016,NA
ABMI-649-NE,2016,y
ABMI-649-NW,2016,n
ABMI-649-SE,2016,n
ABMI-649-SW,2016,y
ABMI-64-NE,2016,y
ABMI-64-NW,2016,n
ABMI-64-SE,2016,n
ABMI-64-SW,2016,y
ABMI-650-NE,2016,n
ABMI-650-NW,2016,n
ABMI-650-SE,2016,y
ABMI-650-SW,2016,NA
ABMI-651-NE,2017,y
ABMI-651-NW,2017,n
ABMI-651-SE,2017,n
ABMI-651-SW,2017,y
ABMI-652-NE,2017,y
ABMI-652-NW,2017,n
ABMI-652-SE,2017,n
ABMI-652-SW,2017,y
ABMI-653-NE,2017,y
ABMI-653-NW,2017,n
ABMI-653-NW,2013,n
ABMI-653-SE,2017,n
ABMI-653-SE,2013,n
ABMI-653-SW,2017,y
ABMI-653-SW,2013,n
ABMI-657-NE,2016,y
ABMI-657-NW,2016,n
ABMI-657-SE,2016,n
ABMI-657-SW,2016,y
ABMI-658-NE,2016,y
ABMI-658-NW,2016,n
ABMI-658-SE,2016,n
ABMI-658-SW,2016,y
ABMI-659-NE,2016,y
ABMI-659-NW,2016,n
ABMI-659-SE,2016,n
ABMI-659-SW,2016,y
ABMI-65-NE,2016,y
ABMI-65-NW,2016,n
ABMI-65-SE,2016,n
ABMI-65-SW,2016,y
ABMI-663-NE,2015,y
ABMI-663-NW,2015,n
ABMI-663-SE,2015,n
ABMI-663-SW,2015,y
ABMI-664-NE,2015,y
ABMI-664-NW,2015,n
ABMI-664-SE,2015,n
ABMI-664-SW,2015,y
ABMI-665-NE,2015,y
ABMI-665-NW,2015,n
ABMI-665-SE,2015,n
ABMI-665-SW,2015,y
ABMI-666-NE,2017,y
ABMI-666-NW,2017,n
ABMI-666-SE,2017,n
ABMI-666-SW,2017,y
ABMI-667-NE,2017,y
ABMI-667-NW,2017,n
ABMI-667-SE,2017,n
ABMI-667-SW,2017,y
ABMI-668-NE,2017,y
ABMI-668-NW,2017,n
ABMI-668-SE,2017,n
ABMI-668-SW,2017,y
ABMI-669-NE,2018,y
ABMI-669-SW,2018,n
ABMI-670-NE,2018,y
ABMI-670-SW,2018,n
ABMI-671-NE,2018,y
ABMI-671-SW,2018,n
ABMI-672-NE,2016,y
ABMI-672-NW,2016,n
ABMI-672-SE,2016,n
ABMI-672-SW,2016,y
ABMI-679-NE,2018,y
ABMI-679-SW,2018,n
ABMI-680-NE,2018,y
ABMI-680-SW,2018,n
ABMI-681-NE,2018,n
ABMI-681-SW,2018,y
ABMI-691-NE,2017,y
ABMI-691-NW,2017,n
ABMI-691-SE,2017,n
ABMI-691-SW,2017,y
ABMI-692-NE,2017,y
ABMI-692-NW,2017,n
ABMI-692-SE,2017,n
ABMI-692-SW,2017,y
ABMI-693-NE,2017,y
ABMI-693-NW,2017,n
ABMI-693-SE,2017,n
ABMI-693-SW,2017,y
ABMI-694-NE,2018,y
ABMI-694-SW,2018,n
ABMI-695-NE,2018,y
ABMI-695-SW,2018,n
ABMI-696-NE,2018,y
ABMI-696-SW,2018,n
ABMI-697-NE,2016,y
ABMI-697-NW,2016,n
ABMI-697-SE,2016,n
ABMI-697-SW,2016,y
ABMI-698-NE,2016,y
ABMI-698-NW,2016,n
ABMI-698-SE,2016,n
ABMI-698-SW,2016,y
ABMI-699-NE,2016,y
ABMI-699-NW,2016,n
ABMI-699-SE,2016,n
ABMI-699-SW,2016,y
ABMI-6-NE,2017,y
ABMI-6-NW,2017,n
ABMI-6-SE,2017,n
ABMI-6-SW,2017,y
ABMI-710-NE,2018,y
ABMI-710-SW,2018,n
ABMI-711-NE,2018,y
ABMI-711-SW,2018,n
ABMI-712-NE,2018,y
ABMI-712-SW,2018,n
ABMI-714-NE,2013,n
ABMI-714-NW,2013,n
ABMI-714-SE,2013,n
ABMI-714-SW,2013,n
ABMI-722-NE,2017,y
ABMI-722-NW,2017,n
ABMI-722-SE,2017,n
ABMI-722-SW,2017,y
ABMI-723-NE,2017,y
ABMI-723-NW,2017,n
ABMI-723-SE,2017,n
ABMI-723-SW,2017,y
ABMI-724-NE,2017,y
ABMI-724-NW,2017,n
ABMI-724-SE,2017,n
ABMI-724-SW,2017,y
ABMI-725-NE,2018,y
ABMI-725-SW,2018,NA
ABMI-726-NE,2018,y
ABMI-726-SW,2018,NA
ABMI-727-NE,2018,y
ABMI-727-SW,2018,n
ABMI-728-NE,2016,y
ABMI-728-NW,2016,n
ABMI-728-SE,2016,n
ABMI-728-SW,2016,y
ABMI-729-NE,2016,y
ABMI-729-NW,2016,n
ABMI-729-SE,2016,n
ABMI-729-SW,2016,y
ABMI-730-NE,2016,y
ABMI-730-NW,2016,n
ABMI-730-SE,2016,n
ABMI-730-SW,2016,y
ABMI-741-NE,2018,y
ABMI-741-SW,2018,n
ABMI-742-NE,2018,y
ABMI-742-SW,2018,n
ABMI-743-NE,2018,y
ABMI-743-SW,2018,n
ABMI-753-NE,2017,y
ABMI-753-NW,2017,n
ABMI-753-SE,2017,n
ABMI-753-SW,2017,y
ABMI-754-NE,2017,y
ABMI-754-NW,2017,n
ABMI-754-SE,2017,n
ABMI-754-SW,2017,y
ABMI-755-NE,2017,y
ABMI-755-NW,2017,n
ABMI-755-SE,2017,n
ABMI-755-SW,2017,y
ABMI-756-NE,2018,y
ABMI-756-SW,2018,n
ABMI-757-NE,2018,y
ABMI-757-SW,2018,n
ABMI-758-NE,2018,y
ABMI-758-SW,2018,n
ABMI-759-NE,2016,y
ABMI-759-NW,2016,n
ABMI-759-SE,2016,n
ABMI-759-SW,2016,y
ABMI-760-NE,2016,y
ABMI-760-NW,2016,n
ABMI-760-SE,2016,n
ABMI-760-SW,2016,y
ABMI-761-NE,2016,y
ABMI-761-NW,2016,n
ABMI-761-SE,2016,n
ABMI-761-SW,2016,y
ABMI-767-NE,2018,y
ABMI-767-NW,2018,n
ABMI-767-SE,2018,n
ABMI-767-SW,2018,y
ABMI-768-NE,2018,y
ABMI-768-NW,2018,n
ABMI-768-SE,2018,n
ABMI-768-SW,2018,y
ABMI-769-NE,2018,y
ABMI-769-NW,2018,n
ABMI-769-SE,2018,n
ABMI-769-SW,2018,y
ABMI-782-NE,2018,y
ABMI-782-NW,2018,n
ABMI-782-SE,2018,n
ABMI-782-SW,2018,y
ABMI-791-NE,2015,y
ABMI-791-NW,2015,n
ABMI-791-SE,2015,n
ABMI-791-SW,2015,y
ABMI-792-NE,2015,y
ABMI-792-NW,2015,n
ABMI-792-SE,2015,n
ABMI-792-SW,2015,y
ABMI-793-NE,2015,y
ABMI-793-NW,2015,n
ABMI-793-SE,2015,n
ABMI-793-SW,2015,y
ABMI-794-NE,2015,y
ABMI-794-NW,2015,n
ABMI-794-SE,2015,n
ABMI-794-SW,2015,y
ABMI-799-NE,2018,y
ABMI-799-NW,2018,n
ABMI-799-SE,2018,n
ABMI-799-SW,2018,y
ABMI-7-NE,2018,n
ABMI-7-SW,2018,y
ABMI-800-NE,2018,y
ABMI-800-NW,2018,n
ABMI-800-SE,2018,n
ABMI-800-SW,2018,n
ABMI-801-NE,2018,y
ABMI-801-NW,2018,n
ABMI-801-SE,2018,n
ABMI-801-SW,2018,y
ABMI-816-NE,2018,y
ABMI-816-NW,2018,n
ABMI-816-SE,2018,n
ABMI-816-SW,2018,y
ABMI-823-NE,2015,y
ABMI-823-NW,2015,n
ABMI-823-SE,2015,n
ABMI-823-SW,2015,y
ABMI-824-SE,2015,n
ABMI-824-SW,2015,y
ABMI-825-NE,2015,y
ABMI-825-NW,2015,n
ABMI-825-SE,2015,n
ABMI-825-SW,2015,y
ABMI-826-NE,2017,y
ABMI-826-NW,2017,n
ABMI-826-SE,2017,n
ABMI-826-SW,2017,y
ABMI-827-NE,2017,y
ABMI-827-NW,2017,n
ABMI-827-SE,2017,n
ABMI-827-SW,2017,y
ABMI-828-NE,2017,y
ABMI-828-NW,2017,n
ABMI-828-SE,2017,n
ABMI-828-SW,2017,y
ABMI-829-NE,2018,y
ABMI-829-SW,2018,n
ABMI-830-NE,2018,y
ABMI-830-SW,2018,NA
ABMI-831-NE,2018,y
ABMI-831-NW,2018,NA
ABMI-831-SE,2018,n
ABMI-831-SW,2018,y
ABMI-832-NE,2018,y
ABMI-832-NW,2018,n
ABMI-832-SE,2018,n
ABMI-832-SW,2018,y
ABMI-833-NE,2018,y
ABMI-833-NW,2018,n
ABMI-833-SE,2018,n
ABMI-833-SW,2018,y
ABMI-842-NW,2013,n
ABMI-842-SE,2013,n
ABMI-842-SW,2013,n
ABMI-848-NE,2018,y
ABMI-848-NW,2018,n
ABMI-848-SE,2018,n
ABMI-848-SW,2018,y
ABMI-855-NE,2015,y
ABMI-855-NW,2015,n
ABMI-855-SE,2015,n
ABMI-855-SW,2015,y
ABMI-856-NE,2015,y
ABMI-856-NW,2015,n
ABMI-856-SE,2015,n
ABMI-856-SW,2015,n
ABMI-857-NE,2015,y
ABMI-857-NW,2015,n
ABMI-857-SE,2015,n
ABMI-857-SW,2015,y
ABMI-858-NE,2017,y
ABMI-858-NW,2017,n
ABMI-858-SE,2017,n
ABMI-858-SW,2017,y
ABMI-859-NE,2017,y
ABMI-859-NW,2017,n
ABMI-859-SE,2017,n
ABMI-859-SW,2017,y
ABMI-860-NE,2017,y
ABMI-860-NW,2017,n
ABMI-860-SE,2017,n
ABMI-860-SW,2017,y
ABMI-861-NE,2018,n
ABMI-861-SW,2018,y
ABMI-862-NE,2018,n
ABMI-862-SW,2018,y
ABMI-887-NE,2018,y
ABMI-887-SW,2018,n
ABMI-888-NE,2018,y
ABMI-888-SW,2018,n
ABMI-889-NE,2018,y
ABMI-889-SW,2018,n
ABMI-890-NE,2016,y
ABMI-890-NW,2016,n
ABMI-890-NW-b,2016,n
ABMI-890-SE,2016,n
ABMI-890-SW,2016,y
ABMI-891B-NE,2016,y
ABMI-891B-NW,2016,n
ABMI-891B-SE,2016,n
ABMI-891B-SW,2016,n
ABMI-892-NE,2016,y
ABMI-892-NW,2016,n
ABMI-892-SE,2016,n
ABMI-892-SW,2016,y
ABMI-8-NE,2018,n
ABMI-8-SW,2018,y
ABMI-905B-NE,2018,y
ABMI-905B-NW,2018,n
ABMI-905B-SE,2018,n
ABMI-905B-SW,2018,y
ABMI-91-NE,2016,y
ABMI-91-NW,2016,n
ABMI-91-SE,2016,n
ABMI-91-SW,2016,y
ABMI-920-NE,2018,y
ABMI-920-SW,2018,n
ABMI-921-NE,2014,y
ABMI-921-NE,2018,y
ABMI-921-NW,2014,n
ABMI-921-SE,2014,n
ABMI-921-SW,2014,y
ABMI-921-SW,2018,n
ABMI-922-NE,2018,y
ABMI-922-SW,2018,n
ABMI-923-NE,2016,y
ABMI-923-NW,2016,n
ABMI-923-SE,2016,n
ABMI-923-SW,2016,y
ABMI-924-NE,2016,n
ABMI-924-NW,2016,n
ABMI-924-SE,2016,y
ABMI-924-SW,2016,y
ABMI-925-NE,2016,y
ABMI-925-NW,2016,n
ABMI-925-SE,2016,n
ABMI-925-SW,2016,y
ABMI-928-NE,2014,y
ABMI-928-NW,2014,n
ABMI-928-SE,2014,n
ABMI-928-SW,2014,y
ABMI-92-NE,2016,y
ABMI-92-NW,2016,n
ABMI-92-SE,2016,n
ABMI-92-SW,2016,y
ABMI-939-NE,2018,y
ABMI-939-NW,2018,n
ABMI-939-SE,2018,n
ABMI-939-SW,2018,y
ABMI-93-NE,2016,y
ABMI-93-NW,2016,n
ABMI-93-SE,2016,n
ABMI-93-SW,2016,y
ABMI-940-NE,2018,y
ABMI-940-NW,2018,n
ABMI-940-SE,2018,n
ABMI-940-SW,2018,y
ABMI-953-NE,2018,y
ABMI-953-SW,2018,n
ABMI-954-NE,2018,y
ABMI-954-SW,2018,n
ABMI-955-NE,2018,y
ABMI-955-SW,2018,n
ABMI-956-NE,2016,y
ABMI-956-NW,2016,n
ABMI-956-SE,2016,n
ABMI-956-SW,2016,y
ABMI-957-NE,2016,y
ABMI-957-NW,2016,n
ABMI-957-SE,2016,n
ABMI-957-SW,2016,y
ABMI-958-NE,2016,y
ABMI-958-NW,2016,n
ABMI-958-SE,2016,n
ABMI-958-SW,2016,y
ABMI-989-NE,2015,y
ABMI-989-NE-b,2015,y
ABMI-989-NW,2015,n
ABMI-989-SE,2015,n
ABMI-989-SE-b,2015,n
ABMI-989-SW,2015,y
ABMI-990-NE,2015,y
ABMI-990-NE-b,2015,y
ABMI-990-NW,2015,n
ABMI-990-SW,2015,y
ABMI-991-NE,2015,y
ABMI-991-NW,2015,n
ABMI-991-SE,2015,n
ABMI-991-SW,2015,y
ABMI-992-NE,2017,y
ABMI-992-NW,2017,n
ABMI-992-SE,2017,n
ABMI-992-SW,2017,y
ABMI-993-NE,2017,y
ABMI-993-NW,2017,n
ABMI-993-SE,2017,n
ABMI-993-SW,2017,y
ABMI-994-NE,2017,y
ABMI-994-NW,2017,n
ABMI-994-SE,2017,n
ABMI-994-SW,2017,y
ABMI-W1281-CCL,2018,n
ABMI-W1282-CCL,2018,n
ABMI-W1283-CCL,2018,n
ABMI-W1309-CCL,2018,n
ABMI-W1310-CCL,2018,n
ABMI-W1311-CCL,2018,n
ABMI-W1338-CCL,2018,n
ABMI-W1339-CCL,2018,n
ABMI-W1340-CCL,2018,n
ABMI-W1360-CCL,2018,n
ABMI-W1361-CCL,2018,n
ABMI-W1384-CCL,2018,n
ABMI-W1385-CCL,2018,n
ABMI-W1408-CCL,2018,n
ABMI-W1410-CCL,2018,n
ABMI-W1431-CL,2018,n
ABMI-W1432-CCL,2018,n
ABMI-W1433-CCL,2018,n
ABMI-W1440-CL,2018,n
ABMI-W1441-CCL,2018,n
ABMI-W1442-CCL,2018,n
ABMI-W1453-CCL,2018,n
ABMI-W1454-CCL,2018,NA
ABMI-W1455-CL,2018,n
ABMI-W1462-CL,2018,n
ABMI-W1463-CCL,2018,n
ABMI-W1464-CL,2018,n
ABMI-W1474-CCL,2018,n
ABMI-W1486B-1,2016,NA
ABMI-W1497-CL,2018,n
ABMI-W1498-CCL,2018,n
ABMI-W1499-CCL,2018,n
ABMI-W1516-CCL,2018,n
ABMI-W1517-CL,2018,n
ABMI-W1519-1,2016,NA
ABMI-W1535-CCL,2018,n
ABMI-W1536-CCL,2018,n
ABMI-W1537-CCL,2018,n
ABMI-W1538-1,2016,NA
ABMI-W1551-1,2016,NA
ABMI-W1562-CL,2018,n
ABMI-W1579-CL,2018,n
ABMI-W1580-CL,2018,n
ABMI-W1597-CCL,2018,n
ABMI-W1607-CL,2018,n
ABMI-W1608-CL,2018,n
ABMI-W1609-CL,2018,n
ABMI-W1624-CCL,2018,n
ABMI-W1625-CCL,2018,n
ABMI-W1626-CCL,2018,n
ABMI-W1628B-1,2016,NA
ABMI-W1641-CCL,2018,n
ABMI-W1642-CL,2018,n
ABMI-W1643-CCL,2018,n
ABMI-W1645B-1,2016,NA
ABMI-W19-CCL,2018,n
ABMI-W20-CL,2018,n
ABMI-W213-CL,2018,n
ABMI-W237-CCL,2018,n
ABMI-W238-CL,2018,n
ABMI-W239-CCL,2018,n
ABMI-W267-CCL,2018,n
ABMI-W268-CL,2018,n
ABMI-W269-CL,2018,n
ABMI-W297-CL,2018,n
ABMI-W298-CCL,2018,n
ABMI-W299-CCL,2018,n
ABMI-W38-CCL,2018,n
ABMI-W39-CL,2018,n
ABMI-W418-CL,2018,n
ABMI-W419-CL,2018,n
ABMI-W420-CL,2018,n
ABMI-W449-CL,2018,n
ABMI-W450-CL,2018,n
ABMI-W478-CCL,2018,n
ABMI-W479-CL,2018,n
ABMI-W480-CL,2018,NA
ABMI-W605-CL,2018,n
ABMI-W606-CCL,2018,n
ABMI-W607-CCL,2018,n
ABMI-W637-CCL,2018,n
ABMI-W638-CL,2018,n
ABMI-W639-CL,2018,n
ABMI-W669-CCL,2018,n
ABMI-W670-CCL,2018,n
ABMI-W671-CCL,2018,n
ABMI-W679-CCL,2018,n
ABMI-W680-CL,2018,n
ABMI-W681-CCL,2018,n
ABMI-W694-CL,2018,n
ABMI-W695-CL,2018,n
ABMI-W696-CL,2018,n
ABMI-W710-CCL,2018,n
ABMI-W711-CCL,2018,n
ABMI-W712-CCL,2018,n
ABMI-W725-CCL,2018,n
ABMI-W726-CCL,2018,n
ABMI-W727-CL,2018,n
ABMI-W741-CCL,2018,n
ABMI-W742-CL,2018,n
ABMI-W743-CCL,2018,n
ABMI-W756-CCL,2018,n
ABMI-W757-CCL,2018,n
ABMI-W758-CL,2018,n
ABMI-W7-CCL,2018,n
ABMI-W829-CCL,2018,n
ABMI-W830-CCL,2018,NA
ABMI-W861-CCL,2018,n
ABMI-W862-CL,2018,n
ABMI-W887-CCL,2018,n
ABMI-W888-CCL,2018,n
ABMI-W889-CCL,2018,n
ABMI-W8-CCL,2018,n
ABMI-W920-CCL,2018,n
ABMI-W921-CCL,2018,n
ABMI-W922-CCL,2018,n
ABMI-W953-CCL,2018,n
ABMI-W954-CL,2018,n
ABMI-W955-CCL,2018,n
BG-0006-001,2016,n
BG-0006-002,2016,n
BG-0006-003,2016,n
BG-0006-004,2016,n
BG-0006-005,2016,n
BG-0006-006,2016,n
BG-0006-007,2016,n
BG-0006-008,2016,n
BG-0006-009,2016,n
BG-0006-010,2016,n
BG-0006-011,2016,n
BG-0006-012,2016,n
BG-0006-013,2016,n
BG-0006-014,2016,n
BG-0006-015,2016,n
BG-0006-016,2016,n
BG-0006-017,2016,n
BG-0006-018,2016,n
BG-0006-019,2016,n
BG-0006-020,2016,n
BG-0006-021,2016,n
BG-0006-022,2016,n
BG-0006-023,2016,n
BG-0006-024,2016,n
BG-0006-025,2016,n
BG-0006-026,2016,n
BG-0006-027,2016,n
BG-0006-028,2016,n
BG-0006-029,2016,n
BG-0006-030,2016,n
BG-0006-032,2016,n
BG-0006-033,2016,n
BG-0006-034,2016,n
BG-0006-035,2016,n
BG-0006-036,2016,n
BG-0006-037,2016,n
BG-0006-038,2016,n
BG-0006-039,2016,n
BG-0006-040,2016,n
BG-0006-041,2016,n
BG-0006-042,2016,n
BG-0006-043,2016,n
BG-0006-044,2016,n
BG-0006-046,2016,n
BG-0006-047,2016,n
BG-0006-048,2016,n
BG-0006-049,2016,n
BG-0006-050,2016,n
BG-0006-051,2016,n
BG-0006-052,2016,n
BG-0006-053,2016,n
BG-0006-054,2016,n
BG-0006-055,2016,n
BG-0006-056,2016,n
BG-0006-057,2016,n
BG-0006-058,2016,n
BG-0006-059,2016,n
BG-0006-060,2016,n
BG-0006-061,2016,n
BG-0006-062,2016,n
BG-0006-064,2016,n
BG-0006-065,2016,n
BG-0006-066,2016,n
BG-0006-067,2016,n
BG-0006-068,2016,n
BG-0006-069,2016,n
BG-0006-070,2016,n
BG-0006-072,2016,n
BG-0006-073,2016,n
BG-0006-074,2016,n
BG-0006-075,2016,n
BG-0006-076,2016,n
BG-0006-077,2016,n
BG-0006-078,2016,n
BG-0006-079,2016,n
BG-0006-080,2016,n
BG-0006-081,2016,n
BG-0006-082,2016,n
BG-0006-083,2016,n
BG-0006-085,2016,n
BG-0006-086,2016,n
BG-0006-087,2016,n
BG-0006-088,2016,n
BG-0006-089,2016,n
BG-0006-090,2016,n
BG-0006-091,2016,n
BG-0006-092,2016,n
BG-0006-093,2016,n
BG-0006-094,2016,n
BG-0006-095,2016,n
BG-0006-096,2016,n
BG-0006-097,2016,n
BG-0006-098,2016,n
BG-0006-099,2016,n
BG-0006-100,2016,n
BG-0007-001,2016,n
BG-0007-002,2016,n
BG-0007-003,2016,n
BG-0007-004,2016,n
BG-0007-005,2016,n
BG-0007-006,2016,n
BG-0007-007,2016,n
BG-0007-008,2016,n
BG-0007-009,2016,n
BG-0007-010,2016,n
BG-0007-011,2016,n
BG-0007-012,2016,n
BG-0007-013,2016,n
BG-0007-014,2016,n
BG-0007-015,2016,n
BG-0007-016,2016,n
BG-0007-017,2016,n
BG-0007-018,2016,n
BG-0007-019,2016,n
BG-0007-020,2016,n
BG-0007-021,2016,n
BG-0007-022,2016,n
BG-0007-023,2016,n
BG-0007-024,2016,n
BG-0007-025,2016,n
BG-0007-026,2016,n
BG-0007-027,2016,n
BG-0007-028,2016,n
BG-0007-029,2016,n
BG-0007-030,2016,n
BG-0007-031,2016,n
BG-0007-032,2016,n
BG-0007-033,2016,n
BG-0007-034,2016,n
BG-0007-035,2016,n
BG-0007-036,2016,n
BG-0007-037,2016,n
BG-0007-038,2016,n
BG-0007-039,2016,n
BG-0007-040,2016,n
BG-0007-041,2016,n
BG-0007-042,2016,n
BG-0007-043,2016,n
BG-0007-044,2016,n
BG-0007-045,2016,n
BG-0007-046,2016,n
BG-0007-047,2016,n
BG-0007-048,2016,n
BG-0007-049,2016,n
BG-0007-051,2016,n
BG-0007-052,2016,n
BG-0007-053,2016,n
BG-0007-054,2016,n
BG-0007-055,2016,n
BG-0007-056,2016,n
BG-0007-057,2016,n
BG-0007-058,2016,n
BG-0007-059,2016,n
BG-0007-060,2016,n
BG-0007-061,2016,n
BG-0007-062,2016,n
BG-0007-063,2016,n
BG-0007-064,2016,n
BG-0007-065,2016,n
BG-0007-066,2016,n
BG-0007-067,2016,n
BG-0007-068,2016,n
BG-0007-069,2016,n
BG-0007-070,2016,n
BG-0007-071,2016,n
BG-0007-072,2016,n
BG-0007-074,2016,n
BG-0007-075,2016,n
BG-0007-076,2016,n
BG-0007-077,2016,n
BG-0007-078,2016,n
BG-0007-079,2016,n
BG-0007-080,2016,n
BG-0007-081,2016,n
BG-0007-082,2016,n
BG-0007-083,2016,n
BG-0007-084,2016,n
BG-0007-085,2016,n
BG-0007-086,2016,n
BG-0007-087,2016,n
BG-0007-088,2016,n
BG-0007-089,2016,n
BG-0007-090,2016,n
BG-0007-091,2016,n
BG-0007-092,2016,n
BG-0007-093,2016,n
BG-0007-094,2016,n
BG-0007-095,2016,n
BG-0007-096,2016,n
BG-0007-097,2016,n
BG-0007-098,2016,n
BG-0007-099,2016,n
BG-0007-100,2016,n
BG-0009-001,2016,n
BG-0009-002,2016,n
BG-0009-003,2016,n
BG-0009-004,2016,n
BG-0009-005,2016,n
BG-0009-006,2016,n
BG-0009-007,2016,n
BG-0009-008,2016,n
BG-0009-009,2016,n
BG-0009-010,2016,n
BG-0009-011,2016,n
BG-0009-012,2016,n
BG-0009-013,2016,n
BG-0009-014,2016,n
BG-0009-015,2016,n
BG-0009-016,2016,n
BG-0009-017,2016,n
BG-0009-018,2016,n
BG-0009-019,2016,n
BG-0009-020,2016,n
BG-0009-021,2016,n
BG-0009-022,2016,n
BG-0009-023,2016,n
BG-0009-024,2016,n
BG-0009-025,2016,n
BG-0009-026,2016,n
BG-0009-027,2016,n
BG-0009-028,2016,n
BG-0009-029,2016,n
BG-0009-030,2016,n
BG-0009-031,2016,n
BG-0009-032,2016,n
BG-0009-033,2016,n
BG-0009-034,2016,n
BG-0009-035,2016,n
BG-0009-036,2016,n
BG-0009-037,2016,n
BG-0009-038,2016,n
BG-0009-039,2016,n
BG-0009-040,2016,n
BG-0009-041,2016,n
BG-0009-042,2016,n
BG-0009-043,2016,n
BG-0009-044,2016,n
BG-0009-045,2016,n
BG-0009-046,2016,n
BG-0009-047,2016,n
BG-0009-048,2016,n
BG-0009-049,2016,n
BG-0009-050,2016,n
BG-0009-051,2016,n
BG-0009-052,2016,n
BG-0009-053,2016,n
BG-0009-054,2016,n
BG-0009-055,2016,n
BG-0009-056,2016,n
BG-0009-057,2016,n
BG-0009-058,2016,n
BG-0009-059,2016,n
BG-0009-060,2016,n
BG-0009-061,2016,n
BG-0009-062,2016,n
BG-0009-063,2016,n
BG-0009-064,2016,n
BG-0009-065,2016,n
BG-0009-066,2016,n
BG-0009-067,2016,n
BG-0009-068,2016,n
BG-0009-069,2016,n
BG-0009-070,2016,n
BG-0009-071,2016,n
BG-0009-072,2016,n
BG-0009-073,2016,n
BG-0009-074,2016,n
BG-0009-076,2016,n
BG-0009-077,2016,n
BG-0009-078,2016,n
BG-0009-079,2016,n
BG-0009-080,2016,n
BG-0009-081,2016,n
BG-0009-082,2016,n
BG-0009-083,2016,n
BG-0009-084,2016,n
BG-0009-085,2016,n
BG-0009-086,2016,n
BG-0009-087,2016,n
BG-0009-088,2016,n
BG-0009-089,2016,n
BG-0009-090,2016,n
BG-0009-091,2016,n
BG-0009-092,2016,n
BG-0009-093,2016,n
BG-0009-094,2016,n
BG-0009-095,2016,n
BG-0009-096,2016,n
BG-0009-097,2016,n
BG-0009-098,2016,n
BG-0009-099,2016,n
BG-0009-101,2016,n
CAL100,2017,n
CAL100,2018,n
CAL76,2017,n
CAL76,2018,n
CAL77,2017,n
CAL77,2018,n
CAL78,2017,n
CAL78,2018,n
CAL79,2017,n
CAL79,2018,n
CAL80,2017,n
CAL80,2018,n
CAL81,2017,n
CAL82,2017,n
CAL82,2018,n
CAL83,2017,n
CAL83,2018,n
CAL83,2018,n
CAL84,2017,n
CAL84,2018,n
CAL85,2017,n
CAL85,2018,n
CAL85,2018,n
CAL86,2017,n
CAL86,2018,n
CAL87,2017,n
CAL87,2018,n
CAL87,2018,n
CAL88,2017,n
CAL88,2018,n
CAL89,2017,n
CAL89,2018,n
CAL89,2018,n
CAL90,2017,n
CAL90,2018,n
CAL91,2017,n
CAL91,2018,n
CAL92,2017,n
CAL92,2018,n
CAL93,2017,n
CAL93,2018,n
CAL94,2017,n
CAL95,2017,n
CAL95,2018,n
CAL96,2017,n
CAL96,2018,n
CAL97,2017,n
CAL97,2018,n
CAL98,2017,n
CAL98,2018,n
CAL99,2017,n
CAL99,2018,n
CHR101,2017,n
CHR101,2018,n
CHR102,2017,n
CHR102,2018,n
CHR103,2017,n
CHR103,2018,n
CHR104,2017,n
CHR104,2018,n
CHR105,2017,n
CHR105,2018,n
CHR106,2017,n
CHR106,2018,n
CHR107,2017,n
CHR107,2018,n
CHR108,2017,n
CHR108,2018,n
CHR109,2017,n
CHR109,2018,n
CHR110,2017,n
CHR110,2018,n
CHR111,2017,n
CHR111,2018,n
CHR112,2017,n
CHR112,2018,n
CHR113,2017,n
CHR113,2018,n
CHR114,2017,n
CHR114,2018,n
CHR115,2017,n
CHR115,2018,n
CHR116,2017,n
CHR116,2018,n
CHR117,2017,n
CHR117,2018,n
CHR118,2017,n
CHR118,2018,n
CHR119,2017,n
CHR119,2018,n
CHR120,2017,n
CHR120,2018,n
CHR121,2017,n
CHR121,2018,n
CHR122,2017,n
CHR122,2018,n
CHR123,2017,n
CHR123,2018,n
CHR124,2017,n
CHR124,2018,n
CHR125,2017,n
CHR125,2018,n
DEW1,2018,n
DEW1,2018,n
DEW10,2018,n
DEW11,2018,n
DEW12,2018,n
DEW13,2018,n
DEW14,2018,n
DEW15,2018,n
DEW15,2018,n
DEW16,2018,n
DEW17,2018,n
DEW18,2018,n
DEW19,2018,n
DEW2,2018,n
DEW20,2018,n
DEW21,2018,n
DEW22,2018,n
DEW23,2018,n
DEW23,2018,n
DEW23,2018,n
DEW24,2018,n
DEW25,2018,n
DEW3,2018,n
DEW4,2018,n
DEW5,2018,n
DEW6,2018,n
DEW7,2018,n
DEW8,2018,n
DEW9,2018,n
FMM1,2017,n
FMM1,2018,n
FMM1,2018,n
FMM10,2017,n
FMM10,2018,n
FMM10,2018,n
FMM11,2017,n
FMM11,2018,n
FMM12,2017,n
FMM12,2018,n
FMM12,2018,n
FMM13,2017,n
FMM13,2018,n
FMM13,2018,n
FMM14,2017,n
FMM14,2018,n
FMM14,2018,n
FMM15,2017,n
FMM15,2018,n
FMM15,2018,n
FMM16,2017,n
FMM16,2018,n
FMM16,2018,n
FMM17,2017,n
FMM17,2018,n
FMM17,2018,n
FMM18,2017,n
FMM18,2018,n
FMM18,2018,n
FMM19,2017,n
FMM19,2018,n
FMM19,2018,n
FMM2,2017,n
FMM2,2018,n
FMM2,2018,n
FMM20,2017,n
FMM20,2018,n
FMM20,2018,n
FMM21,2017,n
FMM21,2018,n
FMM21,2018,n
FMM22,2017,n
FMM22,2018,n
FMM22,2018,n
FMM23,2017,n
FMM23,2018,n
FMM23,2018,n
FMM24,2017,n
FMM24,2018,n
FMM24,2018,n
FMM25,2017,n
FMM25,2018,n
FMM25,2018,n
FMM3,2017,n
FMM3,2018,n
FMM3,2018,n
FMM4,2017,n
FMM4,2018,n
FMM4,2018,n
FMM5,2017,n
FMM5,2018,n
FMM5,2018,n
FMM6,2017,n
FMM6,2018,n
FMM6,2018,n
FMM7,2017,n
FMM7,2018,n
FMM8,2017,n
FMM8,2018,n
FMM8,2018,n
FMM9,2017,n
FMM9,2018,n
FMM9,2018,n
IN1F,2014,y
IN1O,2014,y
IN2F,2014,y
IN2O,2014,y
IN3F,2014,y
IN3O,2014,y
IN4F,2014,y
IN4F2,2014,y
IN5F,2014,y
IN5O,2014,y
LID1,2018,n
LID10,2018,n
LID11,2018,n
LID12,2018,n
LID13,2018,n
LID14,2018,n
LID15,2018,n
LID17,2018,n
LID18,2018,n
LID19,2018,n
LID20,2018,n
LID21,2018,n
LID22,2018,n
LID23,2018,n
LID25,2018,n
LID4,2018,n
LID5,2018,n
LID6,2018,n
LID7,2018,n
LID8,2018,n
LID9,2018,n
LLB126,2017,n
LLB126,2018,n
LLB126,2018,n
LLB127,2017,n
LLB127,2018,n
LLB127,2018,n
LLB128,2017,n
LLB128,2018,n
LLB128,2018,n
LLB129,2017,n
LLB129,2018,n
LLB129,2018,n
LLB130,2017,n
LLB130,2018,n
LLB130,2018,n
LLB131,2017,n
LLB131,2018,n
LLB131,2018,n
LLB132,2017,n
LLB132,2018,n
LLB132,2018,n
LLB133,2017,n
LLB133,2018,n
LLB133,2018,n
LLB134,2017,n
LLB134,2018,n
LLB134,2018,n
LLB135,2017,n
LLB135,2018,n
LLB135,2018,n
LLB136,2017,n
LLB136,2018,n
LLB136,2018,n
LLB137,2017,n
LLB137,2018,n
LLB137,2018,n
LLB138,2017,n
LLB138,2018,n
LLB138,2018,n
LLB139,2017,n
LLB139,2018,n
LLB139,2018,n
LLB140,2017,n
LLB140,2018,n
LLB140,2018,n
LLB141,2017,n
LLB141,2018,n
LLB141,2018,n
LLB142,2017,n
LLB142,2018,n
LLB142,2018,n
LLB143,2017,n
LLB143,2018,n
LLB143,2018,n
LLB144,2017,n
LLB144,2018,n
LLB144,2018,n
LLB145,2017,n
LLB145,2018,n
LLB145,2018,n
LLB146,2017,n
LLB146,2018,n
LLB146,2018,n
LLB147,2017,n
LLB147,2018,n
LLB147,2018,n
LLB148,2017,n
LLB148,2018,n
LLB148,2018,n
LLB149,2017,n
LLB149,2018,n
LLB149,2018,n
LLB150,2017,n
LLB150,2018,n
LLB150,2018,n
LRN51,2018,n
LRN51,2018,n
LRN52,2018,n
LRN52,2018,n
LRN53,2018,n
LRN53,2018,n
LRN54,2018,n
LRN54,2018,n
LRN55,2018,n
LRN55,2018,n
LRN56,2018,n
LRN56,2018,n
LRN57,2018,n
LRN57,2018,n
LRN58,2018,n
LRN58,2018,n
LRN59,2018,n
LRN59,2018,n
LRN60,2018,n
LRN60,2018,n
LRN61,2018,n
LRN61,2018,n
LRN62,2018,n
LRN62,2018,n
LRN63,2018,n
LRN63,2018,n
LRN64,2018,n
LRN64,2018,n
LRN65,2018,n
LRN65,2018,n
LRN66,2018,n
LRN66,2018,n
LRN67,2018,n
LRN67,2018,n
LRN68,2018,n
LRN68,2018,n
LRN69,2018,n
LRN69,2018,n
LRN70,2018,n
LRN70,2018,n
LRN71,2018,n
LRN71,2018,n
LRN72,2018,n
LRN72,2018,n
LRN73,2018,n
LRN73,2018,n
LRN74,2018,n
LRN74,2018,n
LRN75,2018,n
LRN75,2018,n
MAC26,2017,n
MAC26,2018,n
MAC27,2017,n
MAC27,2018,n
MAC28,2017,n
MAC28,2018,n
MAC29,2017,n
MAC29,2018,n
MAC30,2017,n
MAC30,2018,n
MAC31,2017,n
MAC31,2018,n
MAC32,2017,n
MAC32,2018,n
MAC33,2017,n
MAC33,2018,n
MAC34,2017,n
MAC34,2018,n
MAC35,2017,n
MAC35,2018,n
MAC36,2017,n
MAC36,2018,n
MAC37,2017,n
MAC37,2018,n
MAC38,2017,n
MAC38,2018,n
MAC39,2017,n
MAC39,2018,n
MAC40,2017,n
MAC40,2018,n
MAC41,2017,n
MAC41,2018,n
MAC42,2017,n
MAC42,2018,n
MAC43,2017,n
MAC43,2018,n
MAC44,2017,n
MAC44,2018,n
MAC45,2017,n
MAC45,2018,n
MAC46,2017,n
MAC46,2018,n
MAC47,2017,n
MAC47,2018,n
MAC48,2017,n
MAC48,2018,n
MAC49,2017,n
MAC49,2018,n
MAC50,2017,n
MAC50,2018,n
MCC26,2018,n
MCC26,2018,n
MCC27,2018,n
MCC27,2018,n
MCC28,2018,n
MCC28,2018,n
MCC29,2018,n
MCC29,2018,n
MCC30,2018,n
MCC30,2018,n
MCC31,2018,n
MCC31,2018,n
MCC32,2018,n
MCC32,2018,n
MCC33,2018,n
MCC33,2018,n
MCC34,2018,n
MCC34,2018,n
MCC35,2018,n
MCC35,2018,n
MCC36,2018,n
MCC36,2018,n
MCC37,2018,n
MCC37,2018,n
MCC38,2018,n
MCC38,2018,n
MCC39,2018,n
MCC39,2018,n
MCC40,2018,n
MCC40,2018,n
MCC41,2018,n
MCC41,2018,n
MCC42,2018,n
MCC43,2018,n
MCC44,2018,n
MCC44,2018,n
MCC45,2018,n
MCC45,2018,n
MCC46,2018,n
MCC46,2018,n
MCC47,2018,n
MCC47,2018,n
MCC48,2018,n
MCC48,2018,n
MCC49,2018,n
MCC49,2018,n
MCC50,2018,n
MCC50,2018,n
NEXENK14_006,2014,y
NEXENK14_007,2014,y
NEXENK14_008,2014,y
NEXENK14_009,2014,y
NEXENK14_010,2014,y
NEXENK14_011,2014,y
NEXENK14_012,2014,y
NEXENK14_013,2014,y
NEXENK14_014,2014,y
NEXENK14_021,2014,y
NEXENK14_022,2014,y
NEXENK14_023,2014,y
NEXENK14_024,2014,y
NEXENK14_025,2014,y
NEXENK14_026,2014,y
NEXENK14_027,2014,y
NEXENK14_028,2014,y
NEXENK14_029,2014,y
NEXENK14_036,2014,y
NEXENK14_037,2014,y
NEXENK14_038,2014,y
NEXENK14_039,2014,y
NEXENK14_040,2014,y
NEXENK14_041,2014,y
NEXENK14_043,2014,y
NEXENK14_044,2014,y
NEXENK14_045,2014,y
NEXENK14_052,2014,y
NEXENK14_053,2014,y
NEXENK14_054,2014,y
NEXENK14_055,2014,y
NEXENK14_056,2014,y
NEXENK14_057,2014,y
NEXENK14_058,2014,y
NEXENK14_059,2014,y
NEXENK14_060,2014,y
NEXENK14_066,2014,y
NEXENK14_067,2014,y
NEXENK14_068,2014,y
NEXENK14_069,2014,y
NEXENK14_070,2014,y
NEXENK14_071,2014,y
NEXENK14_072,2014,y
NEXENK14_073,2014,y
NEXENK14_074,2014,y
NEXENK14_075,2014,y
NEXENK14_081,2014,y
NEXENK14_082,2014,y
NEXENK14_083,2014,y
NEXENK14_086,2014,y
NEXENK14_087,2014,y
NEXENK14_088,2014,y
NEXENK14_089,2014,y
NEXENK14_090,2014,y
NEXENK14_096,2014,y
NEXENK14_097,2014,y
NEXENK14_098,2014,y
NEXENK14_099,2014,y
NEXENK14_100,2014,y
NEXENK14_101,2014,y
NEXENK14_102,2014,y
NEXENK14_103,2014,y
NEXENK14_104,2014,y
NEXENK14_105,2014,y
NEXENK14_109,2014,y
NEXENK14_111,2014,y
NEXENK14_113,2014,y
NEXENK14_114,2014,y
NEXENK14_115,2014,y
NEXENK14_116,2014,y
NEXENK14_117,2014,y
NEXENK14_118,2014,y
NEXENK14_119,2014,y
NEXENK14_120,2014,y
NEXENK14_124,2014,y
NEXENK14_126,2014,y
NEXENK14_128,2014,y
NEXENK14_129,2014,y
NEXENK14_130,2014,y
NEXENK14_131,2014,y
NEXENK14_132,2014,y
NEXENK14_133,2014,y
NEXENK14_134,2014,y
NEXENK14_135,2014,y
NEXENK14_139,2014,y
NEXENK14_141,2014,y
NEXENK14_142,2014,y
NEXENK14_143,2014,y
NEXENK14_144,2014,y
NEXENK14_145,2014,y
NEXENK14_146,2014,y
NEXENK14_147,2014,y
NEXENK14_148,2014,y
NEXENK14_149,2014,y
NEXENK14_150,2014,y
OG-AAC-1054-41,2017,n
OG-AAC-1054-42,2017,n
OG-AAC-1054-43,2017,n
OG-AAC-1054-44,2017,n
OG-AAC-1055-41,2017,n
OG-AAC-1055-42,2017,n
OG-AAC-1085-41,2017,n
OG-AAC-1087-41,2017,n
OG-AAC-1116-41,2017,n
OG-AAC-1116-42,2017,n
OG-AAC-1116-43,2017,n
OG-AAC-1157-41,2017,n
OG-AAC-1157-42,2017,n
OG-AAC-1157-43,2017,n
OG-AAC-1157-44,2017,n
OG-AAC-1180-41,2017,n
OG-AAC-1180-41-1-b,2017,n
OG-AAC-1180-41-b,2017,n
OG-AAC-1190-41,2017,n
OG-AAC-1190-42,2017,n
OG-AAC-1190-43,2017,n
OG-AAC-1191-41,2017,n
OG-AAC-1191-42,2017,n
OG-AAC-359-41,2017,n
OG-AAC-359-42,2017,n
OG-AAC-389-41,2017,n
OG-AAC-389-42,2017,n
OG-AAC-540-41,2017,n
OG-AAC-540-42,2017,n
OG-AAC-540-43,2017,n
OG-AAC-540-44,2017,n
OG-AAC-540-45,2017,n
OG-AAC-555-41,2017,n
OG-AAC-555-42,2017,n
OG-AAC-555-43,2017,n
OG-AAC-636-41,2017,n
OG-AAC-636-42,2017,n
OG-AAC-636-43,2017,n
OG-AAC-636-44,2017,n
OG-AAC-636-45,2017,n
OG-AAC-636-46,2017,n
OG-AAC-637-41,2017,n
OG-AAC-637-43,2017,n
OG-AAC-637-44,2017,n
OG-AAC-637-45,2017,n
OG-AAC-637-46,2017,n
OG-AAC-637-47,2017,n
OG-AAC-637-48,2017,n
OG-AAC-638-43,2017,n
OG-AAC-639-41,2017,n
OG-AAC-639-42,2017,n
OG-AAC-639-43,2017,n
OG-AAC-639-44,2017,n
OG-AAC-670-41,2017,n
OG-AAC-670-42,2017,n
OG-AAC-670-43,2017,n
OG-AAC-670-44,2017,n
OG-AAC-670-45,2017,n
OG-AAC-671-41,2017,n
OG-AAC-671-42,2017,n
OG-AAC-671-43,2017,n
OG-AAC-671-44,2017,n
OG-AAC-722-41,2017,n
OG-AAC-723-41,2017,n
OG-AAC-723-42,2017,n
OG-AAC-754-41,2017,n
OG-AAC-754-42,2017,n
OG-AAC-754-43,2017,n
OG-AAC-754-44,2017,n
OG-AAC-754-45,2017,n
OG-AAC-754-46,2017,n
OG-AAC-761-41,2017,n
OG-AAC-793-41,2017,n
OG-AAC-793-42,2017,n
OG-AAC-793-43,2017,n
OG-AAC-793-44,2017,n
OG-AAC-793-45,2017,n
OG-AAC-793-46,2017,n
OG-AAC-830-41,2017,n
OG-AAC-830-42,2017,n
OG-AAC-830-43,2017,n
OG-ABMI-1059-21,2015,y
OG-ABMI-1059-22,2015,y
OG-ABMI-1059-23,2015,y
OG-ABMI-1060-41-NE,2017,n
OG-ABMI-1060-41-NW,2017,n
OG-ABMI-1060-41-SE,2017,y
OG-ABMI-1060-41-SW,2017,y
OG-ABMI-1091-21,2015,y
OG-ABMI-1119-21,2015,y
OG-ABMI-1188-41-NE,2017,y
OG-ABMI-1188-41-NW,2017,n
OG-ABMI-1188-41-SE,2017,y
OG-ABMI-1188-41-SW,2017,n
OG-ABMI-1193-21,2015,n
OG-ABMI-1249-21,2015,y
OG-ABMI-1249-22,2015,y
OG-ABMI-1249-23,2015,y
OG-ABMI-1333-21,2015,y
OG-ABMI-1334-21,2015,n
OG-ABMI-1334-22,2015,n
OG-ABMI-1360-21,2015,y
OG-ABMI-1389-21,2015,n
OG-ABMI-1389-22,2015,n
OG-ABMI-1412-21,2015,n
OG-ABMI-1412-22,2015,y
OG-ABMI-1413-21,2015,n
OG-ABMI-1462-21,2015,n
OG-ABMI-1462-22,2015,n
OG-ABMI-1464-21,2015,n
OG-ABMI-1464-22,2015,n
OG-ABMI-1481-21,2015,y
OG-ABMI-1481-22,2015,y
OG-ABMI-1482-21,2015,y
OG-ABMI-1482-22,2015,n
OG-ABMI-1567-21,2015,y
OG-ABMI-1567-22,2015,y
OG-ABMI-1567-23,2015,y
OG-ABMI-1567-24,2015,y
OG-ABMI-1634-21,2015,y
OG-ABMI-1634-22,2015,y
OG-ABMI-1634-23,2015,y
OG-ABMI-1641-21,2015,y
OG-ABMI-1642-21,2015,y
OG-ABMI-1642-22,2015,y
OG-ABMI-406-51,2018,n
OG-ABMI-406-52,2018,n
OG-ABMI-406-53,2018,n
OG-ABMI-436-51,2018,n
OG-ABMI-436-52,2018,n
OG-ABMI-436-53,2018,n
OG-ABMI-436-54,2018,n
OG-ABMI-438-51,2018,n
OG-ABMI-438-52,2018,n
OG-ABMI-438-53,2018,n
OG-ABMI-439-57,2018,n
OG-ABMI-439-58,2018,n
OG-ABMI-468-51,2018,n
OG-ABMI-468-52,2018,n
OG-ABMI-468-53,2018,n
OG-ABMI-469-51,2018,n
OG-ABMI-470-56,2018,n
OG-ABMI-477-21-1,2015,n
OG-ABMI-477-21-2,2015,y
OG-ABMI-477-21-4,2015,y
OG-ABMI-493-52,2018,n
OG-ABMI-498-52,2018,n
OG-ABMI-499-51,2018,n
OG-ABMI-499-52,2018,n
OG-ABMI-499-53,2018,n
OG-ABMI-499-54,2018,n
OG-ABMI-500-51,2018,n
OG-ABMI-500-52,2018,n
OG-ABMI-500-53,2018,n
OG-ABMI-500-54,2018,n
OG-ABMI-500-55,2018,n
OG-ABMI-500-56,2018,n
OG-ABMI-500-57,2018,n
OG-ABMI-500-58,2018,n
OG-ABMI-500-59,2018,n
OG-ABMI-510-21-1,2015,n
OG-ABMI-510-21-2,2015,y
OG-ABMI-510-21-3,2015,n
OG-ABMI-510-21-4,2015,y
OG-ABMI-510-41-1,2017,y
OG-ABMI-510-41-2,2017,n
OG-ABMI-510-41-3,2017,y
OG-ABMI-510-41-4,2017,n
OG-ABMI-521-52,2018,n
OG-ABMI-529-51,2018,n
OG-ABMI-531-41-1,2017,y
OG-ABMI-531-41-2,2017,n
OG-ABMI-531-41-3,2017,NA
OG-ABMI-531-41-4,2017,n
OG-ABMI-531-51,2018,n
OG-ABMI-531-52,2018,n
OG-ABMI-531-53,2018,n
OG-ABMI-531-54,2018,n
OG-ABMI-555-51,2018,n
OG-ABMI-555-53,2018,n
OG-ABMI-555-55,2018,n
OG-ABMI-555-56,2018,n
OG-ABMI-559-51,2018,n
OG-ABMI-559-52,2018,n
OG-ABMI-560-51,2018,n
OG-ABMI-560-52,2018,n
OG-ABMI-560-53,2018,n
OG-ABMI-560-54,2018,n
OG-ABMI-561-51,2018,n
OG-ABMI-561-52,2018,n
OG-ABMI-561-53,2018,n
OG-ABMI-571-21-1,2015,n
OG-ABMI-571-21-2,2015,y
OG-ABMI-571-21-3,2015,n
OG-ABMI-571-21-4,2015,y
OG-ABMI-574-21-1,2015,n
OG-ABMI-574-21-2,2015,y
OG-ABMI-574-21-3,2015,n
OG-ABMI-574-21-4,2015,y
OG-ABMI-583-21-1,2015,n
OG-ABMI-583-21-2,2015,y
OG-ABMI-583-21-3,2015,n
OG-ABMI-583-21-4,2015,y
OG-ABMI-586-41-NE,2017,y
OG-ABMI-586-41-NW,2017,n
OG-ABMI-586-41-SE,2017,n
OG-ABMI-586-41-SW,2017,y
OG-ABMI-602-51,2018,n
OG-ABMI-602-52,2018,n
OG-ABMI-602-53,2018,n
OG-ABMI-616-54,2018,n
OG-ABMI-617-41-1,2017,y
OG-ABMI-617-41-2,2017,n
OG-ABMI-617-41-3,2017,y
OG-ABMI-617-41-4,2017,n
OG-ABMI-623-21-1,2015,n
OG-ABMI-623-21-2,2015,y
OG-ABMI-623-21-3,2015,n
OG-ABMI-623-21-4,2015,y
OG-ABMI-626-51,2018,n
OG-ABMI-626-52,2018,n
OG-ABMI-626-53,2018,n
OG-ABMI-629-21-1,2015,n
OG-ABMI-629-21-2,2015,y
OG-ABMI-629-21-3,2015,n
OG-ABMI-629-21-4,2015,y
OG-ABMI-630-51,2018,n
OG-ABMI-630-52,2018,n
OG-ABMI-630-53,2018,n
OG-ABMI-633-51,2018,n
OG-ABMI-633-52,2018,n
OG-ABMI-634-51,2018,n
OG-ABMI-634-52,2018,n
OG-ABMI-637-51,2018,n
OG-ABMI-637-52,2018,n
OG-ABMI-638-51,2018,n
OG-ABMI-651-21-1,2015,n
OG-ABMI-651-21-2,2015,y
OG-ABMI-651-21-3,2015,n
OG-ABMI-651-21-4,2015,y
OG-ABMI-651-41-1,2017,y
OG-ABMI-651-41-2,2017,n
OG-ABMI-651-41-3,2017,y
OG-ABMI-651-41-4,2017,n
OG-ABMI-658-51,2018,n
OG-ABMI-658-52,2018,n
OG-ABMI-658-53,2018,n
OG-ABMI-661-41-1,2017,y
OG-ABMI-661-41-2,2017,n
OG-ABMI-661-41-3,2017,y
OG-ABMI-661-41-3-b,2017,n
OG-ABMI-661-41-4,2017,n
OG-ABMI-668-51,2018,n
OG-ABMI-668-52,2018,n
OG-ABMI-669-41-1,2017,y
OG-ABMI-669-41-2,2017,n
OG-ABMI-669-41-3,2017,y
OG-ABMI-669-41-4,2017,n
OG-ABMI-669-51,2018,n
OG-ABMI-669-52,2018,n
OG-ABMI-669-53,2018,n
OG-ABMI-669-54,2018,n
OG-ABMI-684-51,2018,n
OG-ABMI-684-52,2018,n
OG-ABMI-692-41-NE,2017,y
OG-ABMI-692-41-NW,2017,n
OG-ABMI-692-41-SE,2017,n
OG-ABMI-692-41-SW,2017,y
OG-ABMI-693-51,2018,n
OG-ABMI-693-52,2018,n
OG-ABMI-693-53,2018,n
OG-ABMI-696-51,2018,n
OG-ABMI-696-52,2018,n
OG-ABMI-696-53,2018,n
OG-ABMI-697-41-1,2017,y
OG-ABMI-697-41-2,2017,n
OG-ABMI-697-41-3,2017,y
OG-ABMI-697-41-4,2017,n
OG-ABMI-697-52,2018,n
OG-ABMI-697-54,2018,n
OG-ABMI-697-56,2018,n
OG-ABMI-697-57,2018,n
OG-ABMI-701-41-1,2017,y
OG-ABMI-701-41-2,2017,n
OG-ABMI-701-41-3,2017,y
OG-ABMI-701-41-4,2017,n
OG-ABMI-702-51,2018,n
OG-ABMI-702-52,2018,n
OG-ABMI-702-53,2018,n
OG-ABMI-721-21-1,2015,n
OG-ABMI-721-21-2,2015,y
OG-ABMI-721-21-3,2015,n
OG-ABMI-721-21-4,2015,y
OG-ABMI-722-51,2018,n
OG-ABMI-722-52,2018,n
OG-ABMI-723-51,2018,n
OG-ABMI-723-52,2018,n
OG-ABMI-723-53,2018,n
OG-ABMI-724-51,2018,n
OG-ABMI-724-52,2018,n
OG-ABMI-724-53,2018,n
OG-ABMI-744-21-1,2015,n
OG-ABMI-744-21-2,2015,y
OG-ABMI-744-21-3,2015,n
OG-ABMI-744-21-4,2015,y
OG-ABMI-753-51,2018,n
OG-ABMI-755-51,2018,n
OG-ABMI-755-52,2018,n
OG-ABMI-755-53,2018,n
OG-ABMI-760-51,2018,n
OG-ABMI-760-53,2018,n
OG-ABMI-761-56,2018,n
OG-ABMI-825-21-1,2015,n
OG-ABMI-825-21-2,2015,y
OG-ABMI-825-21-3,2015,n
OG-ABMI-825-21-4,2015,y
OG-ABMI-825-41-1,2017,y
OG-ABMI-825-41-2,2017,n
OG-ABMI-825-41-3,2017,y
OG-ABMI-825-41-4,2017,n
OG-ABMI-825-42-1,2017,y
OG-ABMI-825-42-2,2017,n
OG-ABMI-825-42-3,2017,y
OG-ABMI-825-42-4,2017,n
OG-ABMI-825-51,2018,n
OG-ABMI-825-52,2018,n
OG-ABMI-890-41-1,2017,y
OG-ABMI-890-41-2,2017,n
OG-ABMI-890-41-3,2017,y
OG-ABMI-890-41-4,2017,n
OG-ABMI-926-41-1,2017,y
OG-ABMI-926-41-2,2017,n
OG-ABMI-926-41-3,2017,y
OG-ABMI-926-41-4,2017,n
OG-ABMI-927-21-1,2015,n
OG-ABMI-927-21-2,2015,y
OG-ABMI-927-21-3,2015,n
OG-ABMI-927-21-4,2015,y
OG-ABMI-990-21,2015,y
OG-ABMI-990-22,2015,y
OG-ABMI-990-23,2015,n
OG-ABMI-993-21,2015,y
OG-CITSCI-1052-31,2016,n
OG-CITSCI-1053-31,2016,n
OG-CITSCI-1054-31,2016,n
OG-CITSCI-1055-31,2016,n
OG-CITSCI-1056-31,2016,n
OG-CITSCI-1157-31,2016,n
OG-CITSCI-1192-31,2016,n
OG-CITSCI-1211-31,2016,n
OG-CITSCI-1241-31,2016,n
OG-CITSCI-1275-31,2016,n
OG-CITSCI-1301-31,2016,n
OG-CITSCI-1301-32,2016,n
OG-CITSCI-1302-31,2016,n
OG-CITSCI-1330-31,2016,n
OG-CITSCI-1330-32,2016,n
OG-CITSCI-1331-31,2016,n
OG-CITSCI-1331-32,2016,n
OG-CITSCI-1333-31,2016,n
OG-CITSCI-1419-31,2016,n
OG-CITSCI-1600-31,2016,n
OG-CITSCI-1600-32,2016,n
OG-CITSCI-921-31,2016,n
OG-CITSCI-990-31,2016,n
OG-EI-1004-41-1,2017,n
OG-EI-1004-41-2,2017,n
OG-EI-277-41-1,2017,n
OG-EI-277-41-2,2017,n
OG-EI-311-41-1,2017,n
OG-EI-311-41-2,2017,n
OG-EI-340-41-1,2017,n
OG-EI-340-41-2,2017,n
OG-EI-460-41-1,2017,n
OG-EI-460-41-2,2017,n
OG-EI-460-42-1,2017,n
OG-EI-460-42-2,2017,n
OG-EI-490-41-1,2017,n
OG-EI-490-41-2,2017,n
OG-EI-490-42-1,2017,n
OG-EI-490-42-2,2017,n
OG-EI-744-41-1,2017,n
OG-EI-744-41-2,2017,n
OG-EI-745-41-1,2017,n
OG-EI-745-41-2,2017,n
OG-EI-745-42-1,2017,n
OG-EI-745-42-2,2017,n
OG-EI-745-43-1,2017,n
OG-EI-745-43-2,2017,n
OG-EI-746-41-1,2017,n
OG-EI-746-41-2,2017,n
OG-EI-750-41-1,2017,n
OG-EI-750-41-2,2017,n
OG-EI-783-41-1,2017,n
OG-EI-783-41-2,2017,n
OG-EI-815-41-1,2017,n
OG-EI-815-41-2,2017,n
OG-EI-817-41-1,2017,n
OG-EI-817-41-2,2017,n
OG-EI-845-41-1,2017,n
OG-EI-845-41-2,2017,n
OG-EI-877-41-1,2017,n
OG-EI-877-41-2,2017,n
OG-EI-899-41-1,2017,n
OG-EI-899-41-2,2017,n
OG-EI-899-42-1,2017,n
OG-EI-899-42-2,2017,n
OG-EI-899-43-1,2017,n
OG-EI-899-43-2,2017,n
OG-EI-910-41-1,2017,n
OG-EI-910-41-2,2017,n
OG-EI-911-41-1,2017,n
OG-EI-911-41-2,2017,n
OG-EI-939-41-1,2017,n
OG-EI-939-41-2,2017,n
OG-EI-971-41-1,2017,n
OG-EI-971-41-2,2017,n
OG-EI-972-41-1,2017,n
OG-EI-972-41-2,2017,n
OG-OGC-1392-21,2015,n
OG-OGC-1412-21,2015,n
OG-OGC-1459-21,2015,n
OG-OGC-1459-22,2015,n
OG-OGC-1499-21,2015,n
OG-OGC-1499-22,2015,n
OG-OGC-1499-23,2015,n
OG-OGC-1502-21,2015,n
OG-OGC-1521-21,2015,n
OG-OGC-1521-22,2015,n
OG-OGC-1521-23,2015,n
OG-OGC-1653-21,2015,n
OG-RIVR-6-01,2018,n
OG-RIVR-6-02,2018,n
OG-RIVR-6-03,2018,n
OG-RIVR-6-05,2018,n
OG-RIVR-6-06,2018,n
OG-RIVR-6-08,2018,n
OG-RIVR-6-09,2018,n
OG-RIVR-6-10,2018,n
OG-RIVR-7-01,2018,n
OG-RIVR-7-02,2018,n
OG-RIVR-7-03,2018,n
OG-RIVR-7-04,2018,n
OG-RIVR-8-01,2018,n
OG-RIVR-8-02,2018,n
OG-RIVR-8-03,2018,n
OG-RIVR-8-04,2018,n
OG-RIVR-9-01,2018,n
OG-RIVR-9-02,2018,n
OG-RIVR-9-03,2018,n
OG-RIVR-9-04,2018,n
OG-RIVR-9-05,2018,n
OG-RIVR-9-06,2018,n
OGW-CITSCI-1468-31,2016,n
OGW-CITSCI-1498-31,2016,n
OGW-CITSCI-1505-31,2016,n
OGW-CITSCI-1542-31,2016,n
OGW-CITSCI-1544-31,2016,n
OGW-CITSCI-1552-31,2016,n
OGW-CITSCI-1556-31,2016,n
OGW-CITSCI-1573-31,2016,n
OGW-CITSCI-1573-32,2016,n
OGW-CITSCI-1573-33,2016,n
OGW-CITSCI-1583-31,2016,n
OGW-CITSCI-1584-31,2016,n
OGW-CITSCI-1615-31,2016,n
OGW-CITSCI-1630-31,2016,n
OGW-CITSCI-1632-31,2016,n
OGW-CITSCI-1632-32,2016,n
OGW-CITSCI-1633-31,2016,n
OGW-CITSCI-1633-32,2016,n
OGW-CITSCI-1647-31,2016,n
TSP-DP-03-04-006,2015,n
TSP-DP-03-04-020,2015,n
WAB51,2017,n
WAB51,2018,n
WAB52,2017,n
WAB52,2018,n
WAB53,2017,n
WAB53,2018,n
WAB54,2017,n
WAB54,2018,n
WAB55,2017,n
WAB55,2018,n
WAB56,2017,n
WAB56,2018,n
WAB57,2017,n
WAB57,2018,n
WAB58,2017,n
WAB58,2018,n
WAB59,2017,n
WAB59,2018,n
WAB59,2018,n
WAB60,2017,n
WAB60,2018,n
WAB61,2017,n
WAB61,2018,n
WAB62,2017,n
WAB62,2018,n
WAB63,2017,n
WAB63,2018,n
WAB64,2017,n
WAB64,2018,n
WAB65,2017,n
WAB65,2018,n
WAB66,2017,n
WAB66,2018,n
WAB67,2017,n
WAB67,2018,n
WAB68,2017,n
WAB69,2017,n
WAB69,2018,n
WAB70,2017,n
WAB70,2018,n
WAB71,2017,n
WAB71,2018,n
WAB72,2017,n
WAB72,2018,n
WAB73,2017,n
WAB73,2018,n
WAB74,2017,n
WAB74,2018,n
WAB75,2017,n
WAB75,2018,n
WHEC- far,2014,y
WHEC-100c,2011,y
WHEC-100c,2012,y
WHEC-100c,2013,y
WHEC-100c,2014,y
WHEC-100c,2015,y
WHEC-100u,2011,y
WHEC-100u,2012,y
WHEC-101c,2011,y
WHEC-101c,2012,y
WHEC-101c,2013,y
WHEC-101c,2014,y
WHEC-101c,2015,y
WHEC-101u,2011,y
WHEC-101u,2012,y
WHEC-101u,2013,y
WHEC-101u,2014,y
WHEC-101u,2015,y
WHEC-102c,2011,y
WHEC-102c,2013,y
WHEC-102c,2014,y
WHEC-102c,2015,y
WHEC-102u,2011,y
WHEC-102u,2013,y
WHEC-102u,2014,y
WHEC-102u,2015,y
WHEC-103c,2011,y
WHEC-103c,2012,y
WHEC-103c,2013,y
WHEC-103c,2014,y
WHEC-103c,2015,y
WHEC-103u,2011,y
WHEC-103u,2012,y
WHEC-103u,2013,y
WHEC-103u,2014,y
WHEC-103u,2015,y
WHEC-104c,2011,y
WHEC-104c,2012,y
WHEC-104c,2013,y
WHEC-104c,2014,y
WHEC-104c,2015,y
WHEC-104u,2011,y
WHEC-104u,2012,y
WHEC-104u,2013,y
WHEC-104u,2014,y
WHEC-104u,2015,y
WHEC-105c,2011,y
WHEC-105c,2013,y
WHEC-105c,2014,y
WHEC-105c,2015,y
WHEC-105u,2011,y
WHEC-105u,2013,y
WHEC-105u,2014,y
WHEC-105u,2015,y
WHEC-106d,2011,y
WHEC-106d,2012,y
WHEC-106d,2013,y
WHEC-106d,2014,y
WHEC-106d,2015,y
WHEC-106n,2011,y
WHEC-106n,2012,y
WHEC-106n,2013,y
WHEC-106n,2014,y
WHEC-106n,2015,y
WHEC-107d,2011,y
WHEC-107d,2013,y
WHEC-107d,2014,y
WHEC-107d,2015,y
WHEC-107n,2011,y
WHEC-107n,2013,y
WHEC-107n,2014,y
WHEC-107n,2015,y
WHEC-108d,2011,y
WHEC-108d,2012,y
WHEC-108d,2013,y
WHEC-108d,2014,y
WHEC-108d,2015,y
WHEC-108n,2011,y
WHEC-108n,2012,y
WHEC-108n,2013,y
WHEC-108n,2014,y
WHEC-108n,2015,y
WHEC-109d,2011,y
WHEC-109d,2012,y
WHEC-109d,2013,y
WHEC-109d,2014,y
WHEC-109d,2015,y
WHEC-109n,2012,y
WHEC-109n,2013,y
WHEC-109n,2014,y
WHEC-109n,2015,y
WHEC-110d,2011,y
WHEC-110d,2013,y
WHEC-110d,2014,y
WHEC-110d,2015,y
WHEC-110n,2011,y
WHEC-110n,2013,y
WHEC-110n,2014,y
WHEC-110n,2015,y
WHEC-111d,2011,y
WHEC-111d,2012,y
WHEC-111d,2013,y
WHEC-111d,2014,y
WHEC-111d,2015,y
WHEC-111n,2011,y
WHEC-111n,2012,y
WHEC-111n,2013,y
WHEC-111n,2014,y
WHEC-111n,2015,y
WHEC-112d,2011,y
WHEC-112d,2012,y
WHEC-112d,2013,y
WHEC-112d,2014,y
WHEC-112d,2015,y
WHEC-112n,2011,y
WHEC-112n,2012,y
WHEC-112n,2013,y
WHEC-112n,2014,y
WHEC-112n,2015,y
WHEC-113d,2011,y
WHEC-113d,2012,y
WHEC-113d,2013,y
WHEC-113d,2014,y
WHEC-113d,2015,y
WHEC-113n,2011,y
WHEC-113n,2012,y
WHEC-113n,2013,y
WHEC-113n,2014,y
WHEC-113n,2015,y
WHEC-114d,2011,y
WHEC-114d,2012,y
WHEC-114d,2013,y
WHEC-114d,2014,y
WHEC-114d,2015,y
WHEC-114n,2011,y
WHEC-114n,2012,y
WHEC-114n,2013,y
WHEC-114n,2014,y
WHEC-114n,2015,y
WHEC-115d,2011,y
WHEC-115d,2014,y
WHEC-115d,2015,y
WHEC-115n,2011,y
WHEC-115n,2013,y
WHEC-115n,2014,y
WHEC-115n,2015,y
WHEC-116d,2011,y
WHEC-116d,2012,y
WHEC-116d,2014,y
WHEC-116d,2015,y
WHEC-116n,2011,y
WHEC-116n,2012,y
WHEC-116n,2013,y
WHEC-116n,2014,y
WHEC-116n,2015,y
WHEC-117d,2011,y
WHEC-117d,2012,y
WHEC-117d,2013,y
WHEC-117d,2014,y
WHEC-117d,2015,y
WHEC-117n,2012,y
WHEC-117n,2013,y
WHEC-117n,2014,y
WHEC-117n,2015,y
WHEC-117n,2011,y
WHEC-11d,2014,y
WHEC-120d,2011,y
WHEC-120d,2012,y
WHEC-120d,2013,y
WHEC-120d,2014,y
WHEC-120d,2015,y
WHEC-120n,2011,y
WHEC-120n,2012,y
WHEC-120n,2013,y
WHEC-120n,2014,y
WHEC-120n,2015,y
WHEC-121d,2011,y
WHEC-121d,2013,y
WHEC-121d,2014,y
WHEC-121d,2015,y
WHEC-121n,2011,y
WHEC-121n,2013,y
WHEC-121n,2014,y
WHEC-121n,2015,y
WHEC-122d,2011,y
WHEC-122d,2012,y
WHEC-122d,2013,y
WHEC-122d,2014,y
WHEC-122d,2015,y
WHEC-122n,2011,y
WHEC-122n,2012,y
WHEC-122n,2013,y
WHEC-122n,2014,y
WHEC-122n,2015,y
WHEC-123d,2011,y
WHEC-123d,2013,y
WHEC-123d,2014,y
WHEC-123d,2015,y
WHEC-123n,2011,y
WHEC-123n,2013,y
WHEC-123n,2014,y
WHEC-123n,2015,y
WHEC-124d,2011,y
WHEC-124d,2013,y
WHEC-124d,2014,y
WHEC-124d,2015,y
WHEC-124n,2011,y
WHEC-124n,2013,y
WHEC-124n,2014,y
WHEC-124n,2015,y
WHEC-125d,2011,y
WHEC-125d,2012,y
WHEC-125d,2013,y
WHEC-125d,2014,y
WHEC-125d,2015,y
WHEC-125n,2011,y
WHEC-125n,2012,y
WHEC-125n,2013,y
WHEC-125n,2014,y
WHEC-125n,2015,y
WHEC-126d,2011,y
WHEC-126d,2013,y
WHEC-126d,2014,y
WHEC-126d,2015,y
WHEC-126n,2011,y
WHEC-126n,2013,y
WHEC-126n,2014,y
WHEC-126n,2015,y
WHEC-126u,2013,y
WHEC-127d,2011,y
WHEC-127d,2013,y
WHEC-127d,2014,y
WHEC-127d,2015,y
WHEC-127n,2011,y
WHEC-127n,2013,y
WHEC-127n,2014,y
WHEC-127n,2015,y
WHEC-128d,2011,y
WHEC-128d,2012,y
WHEC-128d,2013,y
WHEC-128d,2014,y
WHEC-128d,2015,y
WHEC-128n,2011,y
WHEC-128n,2012,y
WHEC-128n,2014,y
WHEC-128n,2015,y
WHEC-129d,2011,y
WHEC-129d,2012,y
WHEC-129d,2013,y
WHEC-129d,2014,y
WHEC-129d,2015,y
WHEC-129n,2011,y
WHEC-129n,2012,y
WHEC-129n,2013,y
WHEC-129n,2014,y
WHEC-129n,2015,y
WHEC-130c,2011,y
WHEC-130c,2012,y
WHEC-130c,2013,y
WHEC-130c,2014,y
WHEC-130c,2015,y
WHEC-130u,2011,y
WHEC-130u,2012,y
WHEC-130u,2013,y
WHEC-130u,2014,y
WHEC-130u,2015,y
WHEC-131c,2011,y
WHEC-131c,2012,y
WHEC-131c,2013,y
WHEC-131c,2014,y
WHEC-131c,2015,y
WHEC-131u,2011,y
WHEC-131u,2012,y
WHEC-131u,2013,y
WHEC-131u,2014,y
WHEC-131u,2015,y
WHEC-132c,2011,y
WHEC-132c,2013,y
WHEC-132c,2014,y
WHEC-132u,2011,y
WHEC-132u,2013,y
WHEC-132u,2014,y
WHEC-133c,2011,y
WHEC-133c,2012,y
WHEC-133c,2013,y
WHEC-133c,2014,y
WHEC-133c,2015,y
WHEC-133u,2011,y
WHEC-133u,2012,y
WHEC-133u,2013,y
WHEC-133u,2014,y
WHEC-133u,2015,y
WHEC-134c,2011,y
WHEC-134c,2012,y
WHEC-134c,2013,y
WHEC-134c,2014,y
WHEC-134c,2015,y
WHEC-134u,2011,y
WHEC-134u,2012,y
WHEC-134u,2013,y
WHEC-134u,2014,y
WHEC-134u,2015,y
WHEC-135c,2011,y
WHEC-135c,2013,y
WHEC-135c,2014,y
WHEC-135s,2011,y
WHEC-135u,2011,y
WHEC-135u,2013,y
WHEC-135u,2014,y
WHEC-136c,2011,y
WHEC-136c,2012,y
WHEC-136c,2013,y
WHEC-136c,2014,y
WHEC-136c,2015,y
WHEC-136u,2011,y
WHEC-136u,2012,y
WHEC-136u,2013,y
WHEC-136u,2014,y
WHEC-136u,2015,y
WHEC-137c,2011,y
WHEC-137c,2012,y
WHEC-137c,2013,y
WHEC-137c,2014,y
WHEC-137c,2015,y
WHEC-137u,2011,y
WHEC-137u,2012,y
WHEC-137u,2013,y
WHEC-137u,2014,y
WHEC-137u,2015,y
WHEC-138c,2011,y
WHEC-138c,2013,y
WHEC-138c,2014,y
WHEC-138u,2011,y
WHEC-138u,2013,y
WHEC-138u,2014,y
WHEC-139c,2011,y
WHEC-139c,2012,y
WHEC-139c,2013,y
WHEC-139c,2014,y
WHEC-139c,2015,y
WHEC-139u,2011,y
WHEC-139u,2012,y
WHEC-139u,2013,y
WHEC-139u,2014,y
WHEC-139u,2015,y
WHEC-140c,2011,y
WHEC-140c,2012,y
WHEC-140c,2013,y
WHEC-140c,2014,y
WHEC-140c,2015,y
WHEC-140u,2011,y
WHEC-140u,2012,y
WHEC-140u,2013,y
WHEC-140u,2014,y
WHEC-140u,2015,y
WHEC-141c,2011,y
WHEC-141c,2013,y
WHEC-141c,2014,y
WHEC-141u,2011,y
WHEC-141u,2013,y
WHEC-141u,2014,y
WHEC-142c,2011,y
WHEC-142c,2012,y
WHEC-142c,2013,y
WHEC-142c,2014,y
WHEC-142c,2015,y
WHEC-142s,2011,y
WHEC-142u,2011,y
WHEC-142u,2012,y
WHEC-142u,2013,y
WHEC-142u,2014,y
WHEC-142u,2015,y
WHEC-143c,2011,y
WHEC-143c,2012,y
WHEC-143c,2013,y
WHEC-143c,2014,y
WHEC-143c,2015,y
WHEC-143u,2011,y
WHEC-143u,2012,y
WHEC-143u,2013,y
WHEC-143u,2014,y
WHEC-143u,2015,y
WHEC-144c,2011,y
WHEC-144c,2013,y
WHEC-144c,2014,y
WHEC-144u,2011,y
WHEC-144u,2013,y
WHEC-144u,2014,y
WHEC-145c,2011,y
WHEC-145c,2012,y
WHEC-145c,2013,y
WHEC-145c,2014,y
WHEC-145c,2015,y
WHEC-145u,2011,y
WHEC-145u,2012,y
WHEC-145u,2013,y
WHEC-145u,2014,y
WHEC-145u,2015,y
WHEC-146c,2011,y
WHEC-146c,2012,y
WHEC-146c,2013,y
WHEC-146c,2014,y
WHEC-146c,2015,y
WHEC-146u,2011,y
WHEC-146u,2012,y
WHEC-146u,2013,y
WHEC-146u,2014,y
WHEC-146u,2015,y
WHEC-149c,2011,y
WHEC-149u,2011,y
WHEC-14d,2010,y
WHEC-14d,2011,y
WHEC-14d,2012,y
WHEC-14d,2013,y
WHEC-14d,2014,y
WHEC-14d,2015,y
WHEC-14n,2010,y
WHEC-14n,2011,y
WHEC-14n,2012,y
WHEC-14n,2013,y
WHEC-14n,2014,y
WHEC-14n,2015,y
WHEC-150u,2011,y
WHEC-151d,2011,y
WHEC-151d,2013,y
WHEC-151d,2014,y
WHEC-151d,2015,y
WHEC-151n,2011,y
WHEC-151n,2013,y
WHEC-151n,2014,y
WHEC-151n,2015,y
WHEC-152d,2011,y
WHEC-152d,2012,y
WHEC-152d,2013,y
WHEC-152d,2014,y
WHEC-152d,2015,y
WHEC-152n,2011,y
WHEC-152n,2012,y
WHEC-152n,2013,y
WHEC-152n,2014,y
WHEC-152n,2015,y
WHEC-153d,2011,y
WHEC-153d,2012,y
WHEC-153d,2013,y
WHEC-153d,2014,y
WHEC-153d,2015,y
WHEC-153n,2011,y
WHEC-153n,2012,y
WHEC-153n,2013,y
WHEC-153n,2014,y
WHEC-153n,2015,y
WHEC-154d,2011,y
WHEC-154d,2013,y
WHEC-154d,2014,y
WHEC-154d,2015,y
WHEC-154n,2011,y
WHEC-154n,2013,y
WHEC-154n,2014,y
WHEC-154n,2015,y
WHEC-155d,2011,y
WHEC-155d,2012,y
WHEC-155d,2013,y
WHEC-155d,2014,y
WHEC-155d,2015,y
WHEC-155n,2011,y
WHEC-155n,2012,y
WHEC-155n,2013,y
WHEC-155n,2014,y
WHEC-155n,2015,y
WHEC-156d,2011,y
WHEC-156d,2012,y
WHEC-156d,2013,y
WHEC-156d,2014,y
WHEC-156d,2015,y
WHEC-156n,2011,y
WHEC-156n,2012,y
WHEC-156n,2013,y
WHEC-156n,2014,y
WHEC-156n,2015,y
WHEC-16d,2010,y
WHEC-16d,2011,y
WHEC-16d,2013,y
WHEC-16d,2014,y
WHEC-16d,2015,y
WHEC-16n,2010,y
WHEC-16n,2011,y
WHEC-16n,2013,y
WHEC-16n,2014,y
WHEC-16n,2015,y
WHEC-17d,2010,y
WHEC-17d,2011,y
WHEC-17d,2012,y
WHEC-17d,2013,y
WHEC-17d,2015,y
WHEC-17n,2010,y
WHEC-17n,2011,y
WHEC-17n,2012,y
WHEC-17n,2013,y
WHEC-17n,2014,y
WHEC-17n,2015,y
WHEC-180d,2013,y
WHEC-180d,2014,y
WHEC-180d,2015,y
WHEC-180n,2013,y
WHEC-180n,2014,y
WHEC-180n,2015,y
WHEC-181d,2013,y
WHEC-181d,2014,y
WHEC-181d,2015,y
WHEC-181n,2013,y
WHEC-181n,2014,y
WHEC-181n,2015,y
WHEC-182d,2013,y
WHEC-182d,2014,y
WHEC-182d,2015,y
WHEC-182n,2013,y
WHEC-182n,2014,y
WHEC-182n,2015,y
WHEC-1d,2011,y
WHEC-1d,2012,y
WHEC-1d,2013,y
WHEC-1d,2014,y
WHEC-1d,2015,y
WHEC-1d,2010,y
WHEC-1n,2011,y
WHEC-1n,2012,y
WHEC-1n,2013,y
WHEC-1n,2014,y
WHEC-1n,2015,y
WHEC-1n,2010,y
WHEC-201c,2013,y
WHEC-201c,2014,y
WHEC-201c,2015,y
WHEC-201u,2014,y
WHEC-201u,2015,y
WHEC-202c,2012,y
WHEC-202c,2013,y
WHEC-202c,2014,y
WHEC-202c,2015,y
WHEC-202u,2012,y
WHEC-202u,2015,y
WHEC-203c,2013,y
WHEC-203c,2014,y
WHEC-203c,2015,y
WHEC-203u,2013,y
WHEC-204c,2013,y
WHEC-204c,2014,y
WHEC-204c,2015,y
WHEC-204u,2013,y
WHEC-204u,2014,y
WHEC-204u,2015,y
WHEC-205c,2013,y
WHEC-205c,2014,y
WHEC-205c,2015,y
WHEC-205u,2013,y
WHEC-205u,2014,y
WHEC-205u,2015,y
WHEC-20d,2010,y
WHEC-20d,2011,y
WHEC-20d,2012,y
WHEC-20d,2013,y
WHEC-20d,2014,y
WHEC-20d,2015,y
WHEC-20n,2010,y
WHEC-20n,2011,y
WHEC-20n,2012,y
WHEC-20n,2013,y
WHEC-20n,2014,y
WHEC-20n,2015,y
WHEC-21d,2010,y
WHEC-21d,2011,y
WHEC-21d,2013,y
WHEC-21d,2014,y
WHEC-21d,2015,y
WHEC-21n,2010,y
WHEC-21n,2011,y
WHEC-21n,2013,y
WHEC-21n,2014,y
WHEC-21n,2015,y
WHEC-22d,2010,y
WHEC-22d,2011,y
WHEC-22d,2012,y
WHEC-22d,2014,y
WHEC-22d,2015,y
WHEC-22n,2010,y
WHEC-22n,2011,y
WHEC-22n,2012,y
WHEC-22n,2013,y
WHEC-22n,2014,y
WHEC-22n,2015,y
WHEC-24d,2010,y
WHEC-24d,2011,y
WHEC-24d,2012,y
WHEC-24d,2013,y
WHEC-24d,2014,y
WHEC-24d,2015,y
WHEC-24n,2010,y
WHEC-24n,2011,y
WHEC-24n,2012,y
WHEC-24n,2013,y
WHEC-24n,2014,y
WHEC-24n,2015,y
WHEC-25b,2010,y
WHEC-25d,2010,y
WHEC-25d,2011,y
WHEC-25d,2012,y
WHEC-25d,2013,y
WHEC-25d,2014,y
WHEC-25d,2015,y
WHEC-25n,2011,y
WHEC-25n,2012,y
WHEC-25n,2013,y
WHEC-25n,2014,y
WHEC-25n,2015,y
WHEC-25n,2010,y
WHEC-26b,2010,y
WHEC-26d,2011,y
WHEC-26d,2013,y
WHEC-26d,2014,y
WHEC-26d,2015,y
WHEC-26d,2010,y
WHEC-26n,2011,y
WHEC-26n,2014,y
WHEC-26n,2015,y
WHEC-26n,2010,y
WHEC-27d,2013,y
WHEC-27d,2014,y
WHEC-27d,2015,y
WHEC-27d,2011,y
WHEC-27d,2010,y
WHEC-27n,2011,y
WHEC-27n,2012,y
WHEC-27n,2013,y
WHEC-27n,2014,y
WHEC-27n,2015,y
WHEC-27n,2010,y
WHEC-28b,2010,y
WHEC-28d,2010,y
WHEC-28d,2011,y
WHEC-28d,2012,y
WHEC-28d,2013,y
WHEC-28d,2014,y
WHEC-28d,2015,y
WHEC-28n,2011,y
WHEC-28n,2012,y
WHEC-28n,2013,y
WHEC-28n,2014,y
WHEC-28n,2015,y
WHEC-28n,2010,y
WHEC-29d,2011,y
WHEC-29d,2010,y
WHEC-29n,2011,y
WHEC-29n,2010,y
WHEC-2d,2011,y
WHEC-2d,2013,y
WHEC-2d,2014,y
WHEC-2d,2015,y
WHEC-2d,2010,y
WHEC-2n,2011,y
WHEC-2n,2013,y
WHEC-2n,2014,y
WHEC-2n,2015,y
WHEC-2n,2010,y
WHEC-30d,2011,y
WHEC-30d,2012,y
WHEC-30d,2013,y
WHEC-30d,2014,y
WHEC-30d,2015,y
WHEC-30d,2010,y
WHEC-30n,2011,y
WHEC-30n,2012,y
WHEC-30n,2013,y
WHEC-30n,2014,y
WHEC-30n,2015,y
WHEC-30n,2010,y
WHEC-31d,2009,y
WHEC-31d,2012,y
WHEC-31d,2013,y
WHEC-31d,2014,y
WHEC-31d,2015,y
WHEC-31d,2010,y
WHEC-31n,2010,y
WHEC-31n,2011,y
WHEC-31n,2012,y
WHEC-31n,2013,y
WHEC-31n,2014,y
WHEC-31n,2015,y
WHEC-32d,2011,y
WHEC-32d,2013,y
WHEC-32d,2014,y
WHEC-32d,2015,y
WHEC-32d,2010,y
WHEC-32n,2011,y
WHEC-32n,2013,y
WHEC-32n,2014,y
WHEC-32n,2015,y
WHEC-32n,2010,y
WHEC-33d,2011,y
WHEC-33d,2012,y
WHEC-33d,2013,y
WHEC-33d,2014,y
WHEC-33d,2015,y
WHEC-33d,2010,y
WHEC-33n,2011,y
WHEC-33n,2012,y
WHEC-33n,2013,y
WHEC-33n,2014,y
WHEC-33n,2015,y
WHEC-33n,2010,y
WHEC-34d,2011,y
WHEC-34d,2012,y
WHEC-34d,2013,y
WHEC-34d,2014,y
WHEC-34d,2015,y
WHEC-34d,2010,y
WHEC-34n,2012,y
WHEC-34n,2014,y
WHEC-34n,2015,y
WHEC-34n,2013,y
WHEC-34n,2010,y
WHEC-35d,2011,y
WHEC-35d,2013,y
WHEC-35d,2014,y
WHEC-35d,2015,y
WHEC-35d,2010,y
WHEC-35n,2011,y
WHEC-35n,2013,y
WHEC-35n,2014,y
WHEC-35n,2015,y
WHEC-35n,2010,y
WHEC-37d,2011,y
WHEC-37d,2012,y
WHEC-37d,2013,y
WHEC-37d,2014,y
WHEC-37d,2015,y
WHEC-37d,2010,y
WHEC-37n,2011,y
WHEC-37n,2012,y
WHEC-37n,2013,y
WHEC-37n,2014,y
WHEC-37n,2015,y
WHEC-37n,2010,y
WHEC-38d,2011,y
WHEC-38d,2012,y
WHEC-38d,2013,y
WHEC-38d,2014,y
WHEC-38d,2015,y
WHEC-38d,2010,y
WHEC-38n,2011,y
WHEC-38n,2012,y
WHEC-38n,2013,y
WHEC-38n,2014,y
WHEC-38n,2015,y
WHEC-38n,2010,y
WHEC-39d,2011,y
WHEC-39d,2013,y
WHEC-39d,2014,y
WHEC-39d,2015,y
WHEC-39d,2010,y
WHEC-39n,2013,y
WHEC-39n,2014,y
WHEC-39n,2015,y
WHEC-39n,2010,y
WHEC-3d,2011,y
WHEC-3d,2012,y
WHEC-3d,2013,y
WHEC-3d,2014,y
WHEC-3d,2015,y
WHEC-3d,2010,y
WHEC-3n,2011,y
WHEC-3n,2012,y
WHEC-3n,2013,y
WHEC-3n,2014,y
WHEC-3n,2015,y
WHEC-3n,2010,y
WHEC-40d,2011,y
WHEC-40d,2012,y
WHEC-40d,2013,y
WHEC-40d,2014,y
WHEC-40d,2015,y
WHEC-40d,2010,y
WHEC-40n,2011,y
WHEC-40n,2012,y
WHEC-40n,2013,y
WHEC-40n,2014,y
WHEC-40n,2015,y
WHEC-40n,2010,y
WHEC-41d,2011,y
WHEC-41d,2012,y
WHEC-41d,2013,y
WHEC-41d,2014,y
WHEC-41d,2015,y
WHEC-41d,2010,y
WHEC-41n,2010,y
WHEC-41n,2011,y
WHEC-41n,2013,y
WHEC-41n,2014,y
WHEC-41n,2015,y
WHEC-42d,2010,y
WHEC-42d,2011,y
WHEC-42n,2011,y
WHEC-43d,2011,y
WHEC-43d,2010,y
WHEC-43n,2011,y
WHEC-43n,2010,y
WHEC-44c,2011,y
WHEC-44c,2012,y
WHEC-44c,2013,y
WHEC-44c,2014,y
WHEC-44c,2015,y
WHEC-44d,2010,y
WHEC-44n,2010,y
WHEC-44u,2011,y
WHEC-44u,2012,y
WHEC-45c,2011,y
WHEC-45c,2013,y
WHEC-45c,2014,y
WHEC-45c,2015,y
WHEC-45d,2010,y
WHEC-45n,2010,y
WHEC-45u,2011,y
WHEC-45u,2013,y
WHEC-45u,2014,y
WHEC-45u,2015,y
WHEC-46c,2011,y
WHEC-46c,2013,y
WHEC-46c,2014,y
WHEC-46c,2015,y
WHEC-46d,2010,y
WHEC-46n,2010,y
WHEC-46u,2011,y
WHEC-46u,2013,y
WHEC-46u,2014,y
WHEC-46u,2015,y
WHEC-47c,2011,y
WHEC-47c,2012,y
WHEC-47c,2014,y
WHEC-47c,2015,y
WHEC-47d,2010,y
WHEC-47n,2010,y
WHEC-47u,2011,y
WHEC-47u,2012,y
WHEC-47u,2014,y
WHEC-48c,2011,y
WHEC-48c,2013,y
WHEC-48c,2015,y
WHEC-48d,2010,y
WHEC-48n,2010,y
WHEC-48u,2011,y
WHEC-48u,2013,y
WHEC-48u,2014,y
WHEC-48u,2015,y
WHEC-49c,2011,y
WHEC-49c,2013,y
WHEC-49c,2014,y
WHEC-49c,2015,y
WHEC-49d,2010,y
WHEC-49n,2010,y
WHEC-49u,2011,y
WHEC-49u,2013,y
WHEC-49u,2015,y
WHEC-4d,2011,y
WHEC-4d,2012,y
WHEC-4d,2013,y
WHEC-4d,2014,y
WHEC-4d,2015,y
WHEC-4d,2010,y
WHEC-4n,2011,y
WHEC-4n,2012,y
WHEC-4n,2013,y
WHEC-4n,2014,y
WHEC-4n,2015,y
WHEC-4n,2010,y
WHEC-50c,2011,y
WHEC-50c,2012,y
WHEC-50c,2014,y
WHEC-50d,2010,y
WHEC-50n,2010,y
WHEC-50u,2011,y
WHEC-50u,2012,y
WHEC-50u,2014,y
WHEC-51c,2011,y
WHEC-51c,2013,y
WHEC-51c,2014,y
WHEC-51u,2011,y
WHEC-51u,2013,y
WHEC-51u,2014,y
WHEC-52c,2011,y
WHEC-52c,2012,y
WHEC-52c,2013,y
WHEC-52c,2014,y
WHEC-52c,2015,y
WHEC-52u,2011,y
WHEC-52u,2012,y
WHEC-52u,2013,y
WHEC-52u,2014,y
WHEC-52u,2015,y
WHEC-53c,2011,y
WHEC-53c,2012,y
WHEC-53c,2013,y
WHEC-53c,2014,y
WHEC-53c,2015,y
WHEC-53u,2011,y
WHEC-53u,2012,y
WHEC-53u,2013,y
WHEC-53u,2014,y
WHEC-53u,2015,y
WHEC-54c,2011,y
WHEC-54c,2013,y
WHEC-54c,2014,y
WHEC-54u,2011,y
WHEC-54u,2013,y
WHEC-54u,2014,y
WHEC-55c,2011,y
WHEC-55c,2012,y
WHEC-55c,2013,y
WHEC-55c,2014,y
WHEC-55c,2015,y
WHEC-55u,2011,y
WHEC-55u,2012,y
WHEC-55u,2013,y
WHEC-55u,2014,y
WHEC-55u,2015,y
WHEC-56c,2011,y
WHEC-56c,2012,y
WHEC-56c,2013,y
WHEC-56c,2014,y
WHEC-56c,2015,y
WHEC-56u,2011,y
WHEC-56u,2012,y
WHEC-56u,2014,y
WHEC-56u,2015,y
WHEC-57c,2011,y
WHEC-57c,2013,y
WHEC-57c,2014,y
WHEC-57u,2011,y
WHEC-57u,2013,y
WHEC-57u,2014,y
WHEC-58c,2011,y
WHEC-58c,2012,y
WHEC-58c,2013,y
WHEC-58c,2014,y
WHEC-58c,2015,y
WHEC-58u,2011,y
WHEC-58u,2012,y
WHEC-58u,2013,y
WHEC-58u,2014,y
WHEC-58u,2015,y
WHEC-59c,2011,y
WHEC-59c,2012,y
WHEC-59c,2013,y
WHEC-59c,2014,y
WHEC-59c,2015,y
WHEC-59u,2011,y
WHEC-59u,2012,y
WHEC-59u,2014,y
WHEC-59u,2015,y
WHEC-59u,2013,y
WHEC-5b,2010,y
WHEC-5b,2011,y
WHEC-5d,2011,y
WHEC-5d,2013,y
WHEC-5d,2014,y
WHEC-5d,2015,y
WHEC-5d,2010,y
WHEC-5n,2011,y
WHEC-5n,2013,y
WHEC-5n,2014,y
WHEC-5n,2015,y
WHEC-5n,2010,y
WHEC-60c,2011,y
WHEC-60c,2013,y
WHEC-60c,2014,y
WHEC-60u,2011,y
WHEC-60u,2013,y
WHEC-60u,2014,y
WHEC-61c,2011,y
WHEC-61c,2012,y
WHEC-61c,2013,y
WHEC-61c,2014,y
WHEC-61c,2015,y
WHEC-61u,2011,y
WHEC-61u,2012,y
WHEC-61u,2013,y
WHEC-61u,2014,y
WHEC-61u,2015,y
WHEC-64c,2011,y
WHEC-64c,2012,y
WHEC-64c,2013,y
WHEC-64c,2014,y
WHEC-64c,2015,y
WHEC-64d,2010,y
WHEC-64n,2010,y
WHEC-64u,2011,y
WHEC-64u,2012,y
WHEC-64u,2013,y
WHEC-64u,2014,y
WHEC-64u,2015,y
WHEC-6d,2011,y
WHEC-6d,2012,y
WHEC-6d,2013,y
WHEC-6d,2014,y
WHEC-6d,2015,y
WHEC-6d,2010,y
WHEC-6n,2011,y
WHEC-6n,2012,y
WHEC-6n,2013,y
WHEC-6n,2014,y
WHEC-6n,2015,y
WHEC-6n,2010,y
WHEC-70c,2011,y
WHEC-70c,2013,y
WHEC-70c,2014,y
WHEC-70c,2015,y
WHEC-70d,2010,y
WHEC-70d,2013,y
WHEC-70n,2010,y
WHEC-70u,2011,y
WHEC-70u,2013,y
WHEC-70u,2014,y
WHEC-70u,2015,y
WHEC-72c,2011,y
WHEC-72c,2012,y
WHEC-72c,2013,y
WHEC-72c,2014,y
WHEC-72c,2015,y
WHEC-72d,2010,y
WHEC-72n,2013,y
WHEC-72u,2011,y
WHEC-72u,2012,y
WHEC-72u,2013,y
WHEC-72u,2014,y
WHEC-72u,2015,y
WHEC-74c,2011,y
WHEC-74c,2012,y
WHEC-74c,2013,y
WHEC-74c,2014,y
WHEC-74c,2015,y
WHEC-74d,2010,y
WHEC-74n,2010,y
WHEC-74u,2011,y
WHEC-74u,2012,y
WHEC-74u,2013,y
WHEC-74u,2014,y
WHEC-74u,2015,y
WHEC-75c,2011,y
WHEC-75c,2013,y
WHEC-75c,2014,y
WHEC-75c,2015,y
WHEC-75d,2010,y
WHEC-75n,2010,y
WHEC-75u,2011,y
WHEC-75u,2013,y
WHEC-75u,2014,y
WHEC-75u,2015,y
WHEC-78d,2011,y
WHEC-78d,2012,y
WHEC-78d,2013,y
WHEC-78d,2014,y
WHEC-78d,2015,y
WHEC-78n,2011,y
WHEC-78n,2012,y
WHEC-78n,2013,y
WHEC-78n,2014,y
WHEC-78n,2015,y
WHEC-79d,2011,y
WHEC-79d,2013,y
WHEC-79d,2014,y
WHEC-79d,2015,y
WHEC-79n,2011,y
WHEC-79n,2013,y
WHEC-79n,2014,y
WHEC-79n,2015,y
WHEC-7d,2011,y
WHEC-7d,2012,y
WHEC-7d,2013,y
WHEC-7d,2014,y
WHEC-7d,2015,y
WHEC-7d,2010,y
WHEC-7n,2011,y
WHEC-7n,2012,y
WHEC-7n,2013,y
WHEC-7n,2014,y
WHEC-7n,2015,y
WHEC-7n,2010,y
WHEC-80d,2011,y
WHEC-80d,2012,y
WHEC-80d,2013,y
WHEC-80d,2014,y
WHEC-80d,2015,y
WHEC-80n,2011,y
WHEC-80n,2012,y
WHEC-80n,2013,y
WHEC-80n,2014,y
WHEC-80n,2015,y
WHEC-81d,2011,y
WHEC-81d,2012,y
WHEC-81d,2013,y
WHEC-81d,2014,y
WHEC-81d,2015,y
WHEC-81n,2011,y
WHEC-81n,2012,y
WHEC-81n,2013,y
WHEC-81n,2014,y
WHEC-81n,2015,y
WHEC-82d,2011,y
WHEC-82d,2013,y
WHEC-82d,2014,y
WHEC-82d,2015,y
WHEC-82n,2011,y
WHEC-82n,2013,y
WHEC-82n,2014,y
WHEC-82n,2015,y
WHEC-84d,2011,y
WHEC-84d,2012,y
WHEC-84d,2013,y
WHEC-84d,2014,y
WHEC-84d,2015,y
WHEC-84n,2011,y
WHEC-84n,2012,y
WHEC-84n,2013,y
WHEC-84n,2014,y
WHEC-84n,2015,y
WHEC-85d,2011,y
WHEC-85d,2012,y
WHEC-85d,2013,y
WHEC-85d,2014,y
WHEC-85d,2015,y
WHEC-85n,2011,y
WHEC-85n,2012,y
WHEC-85n,2013,y
WHEC-85n,2014,y
WHEC-85n,2015,y
WHEC-86c,2011,y
WHEC-86c,2012,y
WHEC-86c,2013,y
WHEC-86c,2014,y
WHEC-86c,2015,y
WHEC-86u,2011,y
WHEC-86u,2012,y
WHEC-86u,2013,y
WHEC-86u,2014,y
WHEC-86u,2015,y
WHEC-89c,2011,y
WHEC-89c,2012,y
WHEC-89c,2013,y
WHEC-89c,2014,y
WHEC-89c,2015,y
WHEC-89n,2010,y
WHEC-89u,2011,y
WHEC-89u,2012,y
WHEC-89u,2013,y
WHEC-89u,2014,y
WHEC-8d,2011,y
WHEC-8d,2013,y
WHEC-8d,2014,y
WHEC-8d,2015,y
WHEC-8d,2010,y
WHEC-8n,2011,y
WHEC-8n,2013,y
WHEC-8n,2014,y
WHEC-8n,2015,y
WHEC-8n,2010,y
WHEC-92c,2011,y
WHEC-92c,2013,y
WHEC-92c,2014,y
WHEC-92d,2010,y
WHEC-92n,2010,y
WHEC-92u,2011,y
WHEC-92u,2013,y
WHEC-92u,2014,y
WHEC-92u,2015,y
WHEC-94c,2012,y
WHEC-94c,2013,y
WHEC-94c,2014,y
WHEC-94c,2015,y
WHEC-94u,2012,y
WHEC-94u,2013,y
WHEC-94u,2014,y
WHEC-94u,2015,y
WHEC-95c,2011,y
WHEC-95c,2012,y
WHEC-95c,2013,y
WHEC-95c,2014,y
WHEC-95c,2015,y
WHEC-95d,2010,y
WHEC-95n,2010,y
WHEC-95u,2011,y
WHEC-95u,2012,y
WHEC-95u,2013,y
WHEC-95u,2014,y
WHEC-95u,2015,y
WHEC-98c,2014,y
WHEC-98d,2010,y
WHEC-98u,2011,y
WHEC-98u,2014,y
WHEC-98u,2015,y
WHEC-9d,2010,y
WHEC-9d,2011,y
WHEC-9d,2012,y
WHEC-9d,2013,y
WHEC-9d,2014,y
WHEC-9d,2015,y
WHEC-9n,2010,y
WHEC-9n,2011,y
WHEC-9n,2012,y
WHEC-9n,2013,y
WHEC-9n,2015,y
WHEC-far1,2014,y
WHEC-far10,2014,y
WHEC-far11,2014,y
WHEC-far12,2014,y
WHEC-far14,2014,y
WHEC-far15,2014,y
WHEC-far16,2014,y
WHEC-far17,2014,y
WHEC-far18,2014,y
WHEC-far2,2014,y
WHEC-far25,2014,y
WHEC-far26,2014,y
WHEC-far28,2014,y
WHEC-far29,2014,y
WHEC-far30,2014,y
WHEC-far31,2014,y
WHEC-far5,2014,y
WHEC-far6,2014,y
WHEC-far7,2014,y
WHEC-far8,2014,y
WHEC-far9,2014,y
WHEC-near,2014,y
WHEC-near10,2014,y
WHEC-near11,2014,y
WHEC-near12,2014,y
WHEC-near13,2014,y
WHEC-near15,2014,y
WHEC-near16,2014,y
WHEC-near2,2014,y
WHEC-near21,2014,y
WHEC-near22,2014,y
WHEC-near24,2014,y
WHEC-near25,2014,y
WHEC-near26,2014,y
WHEC-near27,2014,y
WHEC-near28,2014,y
WHEC-near29,2014,y
WHEC-near3,2014,y
WHEC-near4,2014,y
WHEC-near5,2014,y
WHEC-near7,2014,y
WHEC-near8,2014,y
WHEC-near9,2014,y
